Power Consumption (kW),Cooling Capacity (BTU),Noise Level (dB),EER,Temperature Range (°C),Airflow (m³/min),Warranty (Years),Build Quality Rating,Maintenance Cost ($),Type,Efficiency Score
2.87,24000,47.39,3.55,20,9.2,3,10,188,0,96
5.75,18000,44.66,3.28,30,12.01,5,6,297,1,77
4.66,30000,46.25,3.82,30,29.23,6,5,381,1,83
3.99,9000,40.67,2.72,18,17.42,3,9,299,1,75
1.78,30000,57.23,3.77,30,21.9,3,3,198,0,84
1.78,9000,46.27,3.5,30,23.97,5,3,126,1,79
1.29,12000,57.06,3.31,30,16.07,5,7,188,1,77
5.33,9000,37.64,4.41,20,11.24,6,7,245,0,100
4.01,24000,59.71,3.55,30,12.54,2,6,281,1,86
4.54,18000,46.08,2.94,30,14.89,2,3,356,0,65
1.1,12000,36.2,3.42,30,21.99,4,7,288,1,86
5.85,9000,35.95,4.34,15,16.76,3,5,339,0,91
5.16,30000,53.66,2.85,20,8.15,6,7,458,0,66
2.06,12000,51.48,2.93,18,19.51,3,2,486,0,59
1.91,12000,55.05,2.53,15,28.27,6,6,295,1,64
1.92,9000,37.63,2.53,25,25.87,6,8,396,1,60
2.52,12000,35.89,4.16,20,26.15,6,1,264,0,89
3.62,30000,47.71,3.96,20,25.49,3,4,406,0,84
3.16,12000,44.69,3.21,25,15.12,5,1,370,1,61
2.46,30000,46.55,3.9,25,24.83,3,1,107,1,81
4.06,9000,59.79,3.29,25,11.15,6,10,137,0,84
1.7,18000,59.27,4.41,18,22.47,4,8,213,1,100
2.46,12000,58.56,4.43,30,22.11,2,7,438,1,93
2.83,18000,54.6,3.29,20,8.56,6,10,155,1,83
3.28,30000,43.87,4.21,30,25.34,4,1,458,0,85
4.93,12000,45.3,4.05,30,27.87,5,2,237,0,82
2.0,24000,48.74,3.12,25,13.88,6,4,201,1,68
3.57,18000,55.76,2.96,18,25.87,4,1,433,0,56
3.96,12000,36.72,3.42,15,9.81,6,3,276,1,75
1.23,18000,45.61,4.06,18,21.2,3,8,268,1,99
4.04,12000,37.07,4.42,30,18.68,4,8,438,0,100
1.85,9000,47.87,4.03,18,20.01,3,8,385,0,97
1.33,18000,57.47,4.21,25,28.38,3,6,360,0,94
5.74,24000,54.56,3.71,15,27.17,4,6,474,1,77
5.83,24000,40.7,4.17,25,25.27,2,5,322,1,89
5.04,30000,59.4,4.07,15,14.02,4,9,298,0,96
2.52,12000,51.68,3.25,30,28.06,2,4,310,0,70
1.49,18000,35.26,3.6,15,10.15,6,10,386,0,93
4.42,30000,41.39,4.11,15,26.77,6,7,279,1,97
3.2,18000,41.52,2.59,15,15.22,4,1,349,1,51
1.61,12000,36.73,4.12,18,9.18,6,9,330,1,96
3.48,24000,59.0,2.86,18,22.73,5,7,122,0,70
1.17,9000,46.96,3.53,30,13.09,3,10,147,0,93
5.55,24000,57.4,4.12,15,13.36,3,9,208,1,99
2.29,30000,43.06,3.01,20,14.73,2,7,395,0,72
4.31,9000,38.13,2.99,30,9.4,6,2,105,0,64
2.56,30000,46.86,3.31,15,11.9,2,6,137,0,82
3.6,12000,37.85,4.29,15,8.11,3,10,268,0,100
3.73,9000,47.15,2.5,18,17.8,3,4,455,1,51
1.92,30000,58.01,4.3,30,9.85,6,3,382,0,88
5.85,12000,48.02,2.81,15,23.02,5,2,302,1,64
4.88,24000,50.41,4.48,15,13.18,5,6,424,1,96
5.7,12000,38.92,4.41,30,28.76,6,8,412,0,100
5.47,18000,36.09,3.49,20,27.17,6,6,372,1,76
3.99,12000,37.77,3.53,30,14.37,2,9,343,1,89
5.61,12000,49.96,3.46,30,25.23,6,5,426,0,71
1.44,18000,37.38,3.77,20,25.67,5,2,146,1,87
1.98,30000,44.4,2.68,30,29.7,6,8,348,1,70
1.23,30000,48.75,2.57,15,21.15,2,9,178,1,73
2.63,12000,44.72,2.62,30,9.8,2,10,209,1,75
2.94,18000,39.09,3.39,20,22.23,2,4,112,1,80
2.36,18000,41.84,3.05,25,21.75,2,6,494,1,68
5.14,24000,58.21,3.74,30,22.04,4,10,479,1,92
2.78,30000,51.9,4.48,18,14.76,6,8,464,1,100
2.4,9000,47.4,3.27,15,26.91,3,9,189,0,84
3.71,30000,35.32,3.65,15,29.11,6,5,441,0,84
1.7,30000,59.81,3.33,18,12.79,4,6,447,0,74
5.01,24000,51.79,4.19,18,9.94,2,4,379,1,89
1.37,9000,42.92,4.3,30,12.28,4,5,320,1,94
5.93,24000,56.98,4.25,18,26.05,5,7,172,1,96
4.86,9000,41.46,4.45,25,22.89,5,9,333,0,100
1.99,12000,48.6,2.56,20,21.99,6,10,359,0,66
1.03,9000,50.9,4.18,18,16.84,6,6,212,0,96
5.08,24000,40.53,4.0,18,20.71,3,6,145,1,93
4.53,30000,59.46,2.96,25,14.77,3,8,373,0,71
4.65,9000,53.7,4.41,15,18.5,5,4,142,0,100
4.86,9000,48.95,2.8,15,25.45,2,3,307,1,59
1.37,18000,39.51,3.86,30,29.59,4,7,448,0,87
2.79,30000,36.35,2.95,25,28.51,3,5,202,1,67
1.58,12000,43.0,3.36,20,28.55,3,2,223,0,67
5.32,24000,53.83,3.94,20,16.85,2,2,109,1,87
4.12,12000,41.73,3.63,25,18.31,2,6,428,1,82
2.65,30000,48.49,3.36,20,23.52,6,8,286,1,85
1.32,9000,53.2,3.15,15,28.29,4,1,130,1,63
2.55,9000,37.7,4.18,20,11.12,2,6,255,1,97
2.63,30000,52.13,2.79,20,14.69,3,2,159,0,58
4.65,9000,37.3,3.36,25,11.06,3,2,348,1,67
4.19,9000,59.13,4.31,25,21.46,5,7,486,1,89
5.44,9000,47.21,4.19,20,14.74,2,10,473,1,95
3.36,24000,38.77,3.3,18,15.17,6,1,369,1,64
1.6,24000,43.56,4.03,25,9.56,4,6,316,0,88
4.57,18000,45.34,4.15,30,15.7,6,7,498,1,97
4.8,12000,53.95,4.28,30,26.97,3,8,101,0,100
3.81,30000,53.59,3.59,15,13.13,6,7,123,1,84
4.85,30000,50.3,2.91,20,23.29,3,6,305,1,66
3.47,30000,37.65,3.01,18,21.85,3,9,419,0,76
3.61,18000,38.79,3.09,15,27.0,3,3,298,0,63
3.14,24000,37.34,3.69,20,10.91,3,6,455,0,86
1.13,18000,49.43,2.57,25,29.51,3,4,213,1,64
1.54,30000,56.93,3.77,30,20.82,5,2,379,0,73
1.16,12000,45.85,3.23,18,29.9,6,1,254,1,66
4.18,9000,39.02,3.09,30,28.05,5,1,264,0,59
2.57,24000,48.95,4.26,25,12.87,5,10,321,0,100
3.54,24000,55.29,3.42,20,9.24,2,3,190,1,74
5.54,18000,53.54,2.69,25,13.62,2,4,266,0,58
2.25,24000,57.04,4.15,25,19.61,2,2,306,0,82
3.05,30000,41.95,2.6,30,11.78,4,1,381,1,53
4.78,30000,39.85,3.95,18,11.68,2,4,164,1,88
2.14,18000,57.0,4.05,25,18.18,6,7,475,1,86
1.38,30000,51.44,3.21,30,8.73,5,10,103,0,88
2.45,12000,42.77,4.15,18,10.68,6,6,256,0,96
1.81,18000,53.56,3.53,20,17.15,2,6,348,0,83
5.65,12000,55.38,3.43,20,9.39,4,9,356,0,80
5.04,9000,50.37,2.59,15,16.73,4,2,334,0,56
4.17,12000,52.2,3.08,30,18.43,5,4,405,1,68
5.36,9000,44.38,4.36,18,17.93,6,5,465,0,89
5.02,9000,48.47,3.28,25,27.12,3,1,494,1,64
1.93,12000,48.1,3.59,20,19.66,6,8,173,0,88
5.46,18000,56.2,3.56,18,18.3,2,8,286,1,90
3.7,30000,56.0,3.68,30,17.04,3,6,161,0,83
5.04,30000,55.82,2.62,15,25.99,4,5,436,0,59
5.48,9000,35.28,3.22,20,27.69,5,8,263,1,80
2.59,9000,53.74,3.95,18,26.77,5,3,155,0,91
1.55,18000,53.97,2.9,18,22.82,4,3,210,1,62
2.14,24000,51.96,2.91,18,11.02,2,2,317,0,65
3.14,12000,53.91,2.52,30,14.09,4,5,339,0,62
5.09,9000,56.05,3.37,30,9.01,2,3,120,1,73
5.3,30000,46.76,4.27,30,28.48,3,3,240,0,94
1.03,18000,47.55,2.6,25,22.54,4,6,364,1,66
3.55,12000,38.12,2.88,18,24.42,2,8,238,0,72
3.09,18000,44.63,3.12,20,14.85,3,2,169,0,67
2.11,12000,51.08,3.96,30,26.6,4,4,484,0,82
1.6,12000,54.51,3.78,30,13.71,5,7,217,0,87
2.69,9000,40.43,3.33,18,8.04,4,1,297,0,63
5.71,18000,38.45,4.02,30,16.28,6,1,304,0,79
2.62,18000,51.58,3.72,25,20.56,4,10,313,0,90
3.59,30000,35.05,4.29,25,18.53,6,7,155,1,100
4.52,30000,39.46,4.14,30,26.97,3,7,386,0,91
2.82,9000,35.73,3.01,18,10.32,4,1,392,0,64
5.86,9000,39.17,3.04,18,20.18,3,1,274,0,65
5.81,24000,39.53,2.75,18,19.29,3,4,446,1,55
2.26,30000,44.69,3.17,15,14.19,2,5,469,1,71
3.49,12000,45.06,4.5,30,26.09,3,5,227,0,100
2.5,18000,56.86,3.31,18,24.56,3,4,477,0,73
2.42,9000,47.75,2.94,25,24.12,4,8,424,0,66
1.18,18000,53.09,4.02,20,27.28,4,7,391,1,88
4.05,18000,37.6,3.58,20,23.9,5,9,387,0,92
3.51,24000,40.64,2.8,18,13.1,2,7,325,1,73
1.26,30000,52.57,3.26,20,23.52,3,10,163,0,88
2.39,9000,36.32,3.33,20,14.77,2,1,147,1,74
5.54,18000,47.16,4.01,15,13.33,6,7,301,1,89
2.2,9000,49.98,2.54,25,9.61,3,1,436,0,49
1.72,12000,50.05,3.04,25,24.37,2,7,159,0,73
3.45,24000,35.57,3.54,15,23.64,5,10,496,0,84
5.93,12000,43.05,3.04,15,13.16,5,8,356,0,78
2.21,9000,50.91,3.76,20,24.49,3,9,164,0,91
4.36,9000,38.72,3.46,30,28.19,6,3,338,0,74
4.81,30000,52.39,3.22,20,10.38,5,4,388,0,73
2.19,18000,53.65,4.4,15,13.12,5,4,137,1,94
4.64,18000,59.55,3.76,25,24.51,6,9,124,0,99
2.84,12000,40.25,2.76,20,14.04,2,7,158,0,76
4.16,24000,55.63,3.62,30,21.74,5,3,456,1,74
4.17,18000,48.01,4.06,20,9.79,4,10,482,0,93
3.68,30000,44.34,3.92,18,17.95,5,5,396,0,84
1.45,12000,38.06,2.84,20,24.26,2,7,257,0,71
5.18,12000,53.39,4.44,15,23.1,2,8,156,0,100
2.6,30000,40.9,3.4,25,25.93,3,1,147,1,70
1.93,24000,44.29,2.82,25,27.3,4,2,427,1,62
1.2,30000,36.56,2.86,15,25.01,2,7,155,0,70
3.95,24000,55.03,2.7,18,22.77,6,2,164,0,61
4.39,30000,54.16,4.11,15,8.7,4,7,367,1,88
1.08,30000,53.34,2.74,20,19.77,4,9,168,0,75
3.56,9000,42.49,2.75,15,8.83,6,2,315,1,62
2.13,12000,39.34,4.2,15,25.78,5,7,489,1,92
4.23,30000,50.94,3.19,18,15.06,6,4,188,1,69
1.87,30000,47.4,2.56,20,20.37,6,2,380,0,54
4.45,18000,39.46,2.6,30,14.15,5,7,356,0,67
2.93,12000,52.15,2.78,30,25.22,5,5,259,0,67
5.68,18000,59.78,2.93,25,27.5,5,1,333,1,56
1.69,12000,53.68,3.83,15,16.77,5,5,230,0,84
2.71,18000,53.5,2.81,25,26.98,5,3,148,0,68
1.57,30000,58.76,2.74,18,13.88,6,7,246,1,72
5.62,30000,40.07,4.03,30,19.76,3,6,415,0,89
5.39,9000,49.14,3.84,15,26.89,3,8,101,0,99
2.29,18000,59.49,3.37,18,15.17,2,5,428,0,72
4.3,24000,39.13,3.6,18,28.99,3,2,244,1,76
5.09,9000,52.51,3.12,15,10.68,3,9,465,0,72
3.78,18000,49.65,3.47,18,8.4,6,8,160,1,86
3.65,18000,49.66,3.51,15,27.89,5,6,372,1,80
2.21,9000,52.44,3.27,15,9.51,5,10,148,1,82
1.47,30000,58.24,4.31,20,29.82,6,7,431,0,95
5.49,18000,54.56,2.53,25,28.93,3,9,230,0,71
5.5,30000,36.4,4.06,18,11.01,6,7,142,0,100
4.17,9000,56.32,2.75,18,19.83,2,3,156,1,63
2.7,30000,40.64,4.1,20,12.07,5,6,149,1,100
2.75,12000,44.42,3.73,20,17.42,4,7,277,0,83
4.63,24000,46.54,4.19,20,9.35,2,2,392,1,85
5.49,18000,47.02,2.7,30,12.93,2,3,145,0,65
5.44,24000,45.88,3.62,30,15.99,6,4,269,0,80
4.9,30000,58.43,3.5,30,17.65,3,10,370,0,84
4.21,18000,52.65,3.91,15,29.5,5,6,435,0,82
1.42,30000,50.78,3.57,18,25.77,4,1,238,0,77
1.81,12000,36.25,3.58,25,24.22,2,9,346,0,88
5.49,9000,57.6,3.36,15,19.81,4,5,247,0,80
4.03,18000,57.73,3.12,18,26.48,3,7,329,1,74
1.05,12000,54.51,3.46,18,15.47,3,9,379,0,85
1.51,12000,35.18,2.74,20,23.6,4,9,224,1,77
4.32,18000,36.43,4.42,20,29.86,5,1,291,1,92
1.03,30000,40.63,3.93,15,14.92,3,1,473,0,76
1.8,12000,38.28,4.4,20,22.83,4,3,179,1,96
3.74,24000,44.97,2.95,18,26.57,2,6,193,1,75
4.46,12000,58.07,4.26,20,28.15,4,2,325,1,85
4.26,30000,46.8,4.12,30,23.79,4,10,164,0,100
2.12,30000,35.34,3.85,20,14.24,6,1,187,0,77
4.56,24000,42.07,3.75,18,15.18,3,1,187,0,83
2.19,12000,36.11,3.13,15,8.46,5,5,300,0,68
2.63,30000,35.91,4.13,25,24.74,5,4,313,0,92
4.73,18000,41.89,3.5,20,8.94,6,1,303,1,70
4.25,9000,41.89,2.64,18,27.02,5,4,481,1,56
5.25,9000,54.68,3.13,25,10.61,4,3,188,0,71
4.29,9000,59.37,4.37,25,11.78,6,2,160,1,87
3.84,12000,44.28,4.2,30,18.48,2,9,370,1,100
1.47,24000,45.72,4.46,25,24.23,3,1,193,1,95
2.84,30000,56.12,3.76,18,11.06,3,7,406,1,88
2.33,18000,41.7,3.0,18,17.68,3,4,126,0,68
2.22,18000,38.91,2.83,20,18.62,4,5,313,0,70
5.87,12000,56.33,2.87,20,12.67,2,10,173,0,79
2.97,9000,36.16,2.54,20,10.54,6,5,160,1,67
5.46,12000,50.49,3.28,25,26.4,6,1,285,1,66
4.16,24000,49.05,2.88,25,19.05,3,6,130,0,72
4.97,24000,43.65,3.32,30,8.32,2,9,318,0,87
3.51,30000,42.88,4.37,20,25.67,2,2,111,1,98
3.88,30000,54.3,3.36,15,29.58,2,7,401,0,77
3.46,24000,37.16,4.26,30,21.33,5,6,131,0,98
1.98,24000,40.92,3.71,15,19.08,5,5,259,1,83
4.61,24000,53.31,2.99,25,27.33,3,4,336,1,64
2.4,12000,48.71,3.21,30,28.96,2,4,326,0,68
1.12,24000,38.2,2.67,30,24.6,2,6,280,1,63
4.23,18000,57.05,3.17,18,17.8,6,4,416,0,70
1.89,9000,44.84,3.86,25,21.03,6,5,145,1,85
5.7,24000,55.7,2.64,25,23.42,3,6,440,1,62
5.77,9000,54.69,2.91,30,12.27,2,5,179,0,65
5.57,12000,50.61,3.26,25,17.84,3,7,234,1,77
2.85,9000,47.36,4.46,30,26.26,6,9,359,0,100
1.08,12000,59.49,4.07,18,22.4,6,10,407,1,95
5.64,18000,38.62,3.97,30,17.05,5,7,346,0,95
3.14,12000,53.13,2.73,25,22.59,3,7,258,1,71
5.83,12000,39.78,4.06,25,10.6,3,4,302,1,86
5.82,30000,43.46,4.07,30,16.83,2,1,211,0,84
5.27,24000,42.72,3.7,30,25.45,2,8,391,1,87
2.47,24000,58.68,4.48,30,12.85,5,4,409,0,97
2.93,18000,59.18,3.15,20,12.09,4,1,218,1,67
5.26,18000,39.58,4.38,25,28.92,4,5,482,1,94
2.58,24000,35.55,4.33,25,12.62,4,8,116,0,100
1.85,30000,53.0,2.52,20,13.74,3,4,430,1,57
3.78,24000,45.45,3.4,30,29.33,3,8,326,1,78
5.68,30000,37.22,4.45,18,24.16,6,8,460,0,100
4.48,18000,52.09,2.71,30,23.39,3,3,216,1,64
3.85,9000,48.63,3.6,30,26.76,3,9,142,0,94
1.49,18000,59.51,4.46,20,10.55,3,3,467,0,90
4.08,18000,40.69,3.61,25,23.53,5,1,214,0,76
5.95,12000,45.1,2.88,30,19.08,3,2,382,1,57
1.7,12000,48.56,3.66,25,26.24,2,6,136,1,87
3.59,12000,54.79,2.91,15,19.18,2,10,401,0,76
5.39,12000,48.72,3.54,25,21.65,6,2,212,1,74
4.7,30000,50.32,2.65,18,18.51,5,6,134,0,69
4.49,24000,40.65,3.71,18,18.52,2,1,231,1,81
4.51,9000,56.17,3.53,30,24.9,5,1,435,0,64
2.8,18000,45.72,3.98,25,21.83,5,5,435,0,85
2.47,30000,38.52,3.76,30,21.93,6,10,476,1,90
5.05,9000,51.6,3.6,20,17.91,5,9,327,0,90
5.05,30000,40.4,3.88,18,19.68,3,8,246,0,92
5.34,30000,37.44,2.79,30,24.41,5,3,221,1,65
5.57,18000,56.55,3.69,20,26.17,6,3,180,0,84
3.56,24000,46.5,2.84,30,23.32,6,1,272,0,57
3.51,12000,53.73,4.35,25,28.33,6,3,253,1,96
4.99,24000,42.26,2.64,25,26.05,2,1,249,0,60
4.25,18000,54.67,3.36,25,20.36,3,8,474,0,74
4.51,18000,37.8,3.89,25,22.77,2,1,157,0,80
4.98,18000,43.9,3.42,15,28.38,4,5,162,0,85
5.45,9000,59.45,2.68,20,21.62,3,9,255,0,75
2.69,24000,54.85,3.61,20,26.15,5,7,455,0,77
2.88,24000,47.43,3.78,25,23.15,6,4,421,0,75
1.47,30000,43.49,3.91,15,20.14,4,9,267,0,93
3.89,30000,56.8,3.25,25,13.32,3,9,265,1,86
1.18,30000,48.62,3.63,15,17.37,2,2,184,0,74
3.33,18000,53.96,3.4,25,29.29,6,10,236,0,87
3.71,24000,53.85,3.84,18,22.47,2,10,288,1,99
2.43,18000,35.45,3.67,18,20.42,3,6,499,0,77
3.95,9000,38.16,3.55,30,28.53,3,4,478,0,76
1.15,30000,51.49,3.0,25,20.9,4,8,101,0,76
1.19,18000,39.04,2.5,20,19.57,5,7,205,0,69
5.11,18000,41.39,2.85,30,24.7,2,7,463,0,65
2.8,9000,58.67,2.73,18,23.68,4,10,171,0,77
1.64,12000,49.0,3.4,25,12.25,6,9,225,1,88
3.61,24000,53.77,3.72,30,18.37,5,5,269,1,80
4.85,12000,48.95,2.93,25,18.4,4,6,304,1,64
2.08,30000,48.81,4.38,18,16.32,2,1,412,1,85
4.11,18000,37.35,2.51,30,19.38,3,6,436,1,57
1.43,9000,43.59,4.04,18,17.09,6,2,294,0,87
1.26,9000,42.06,3.75,15,12.39,2,6,257,0,90
3.66,24000,44.77,3.25,18,17.07,5,9,240,0,83
3.7,12000,54.96,2.6,25,9.59,5,8,374,0,66
4.19,24000,44.3,3.75,20,20.67,3,9,106,0,97
4.63,18000,46.29,3.27,18,26.78,3,10,492,1,84
5.88,24000,44.93,4.37,20,23.96,6,8,153,1,100
3.58,9000,37.34,3.58,15,15.93,6,3,203,0,77
2.61,9000,46.03,4.38,30,9.92,3,8,441,0,97
4.98,30000,39.89,2.94,30,12.45,3,6,437,0,68
2.35,30000,39.67,3.95,20,20.0,5,6,160,1,93
3.19,18000,37.35,3.73,30,12.56,3,6,186,1,88
1.39,12000,43.92,3.98,18,19.97,4,3,357,0,79
1.13,24000,53.94,2.93,20,13.1,2,10,277,1,79
5.81,18000,41.91,3.83,25,26.68,3,1,341,0,74
5.18,30000,42.81,3.5,18,16.74,6,4,302,1,74
4.48,24000,51.07,3.99,18,13.4,4,10,130,1,100
3.04,30000,39.9,3.15,18,25.87,6,6,388,0,70
1.87,24000,57.42,4.28,25,15.54,4,10,179,1,100
1.78,12000,48.0,2.67,15,10.45,3,2,110,1,59
2.25,18000,46.19,4.11,30,20.55,2,7,353,0,94
3.75,24000,48.95,4.22,20,20.79,6,7,483,1,94
4.57,9000,39.15,4.13,15,23.72,4,4,490,0,83
4.3,9000,50.34,3.53,20,13.28,5,4,483,1,70
2.4,24000,44.08,3.38,30,17.76,3,1,386,0,71
5.77,24000,57.43,4.49,25,14.21,2,2,275,0,91
4.69,24000,39.22,2.96,18,9.78,3,9,225,1,77
3.77,9000,47.68,3.59,18,27.29,5,10,146,1,89
4.06,9000,49.95,3.84,25,24.04,2,8,305,0,91
3.1,24000,35.83,3.9,15,14.63,5,8,206,1,96
2.24,30000,44.09,2.91,15,21.19,3,9,374,1,74
2.78,30000,53.32,3.81,20,12.43,4,7,436,1,88
4.79,12000,55.51,4.14,25,27.59,3,9,222,0,97
1.07,18000,42.83,2.6,15,10.53,3,10,233,0,70
1.58,30000,54.96,4.32,25,8.08,3,2,206,0,93
1.23,9000,59.19,2.56,30,19.04,6,6,404,1,63
1.2,30000,56.42,3.21,18,20.83,5,3,428,1,62
5.28,12000,37.94,2.53,18,20.74,5,6,149,0,65
4.52,12000,53.49,2.65,18,9.2,5,3,436,0,52
3.37,18000,42.99,4.32,25,14.91,6,8,194,1,99
1.49,30000,59.71,3.21,25,18.98,4,4,367,1,67
3.46,9000,47.13,3.35,20,12.76,3,10,122,1,86
3.37,9000,38.06,2.93,18,27.2,4,6,153,1,75
1.87,24000,53.13,3.69,20,9.92,6,9,473,0,87
3.17,9000,43.08,3.69,18,18.72,5,2,353,1,72
2.99,18000,59.93,3.24,20,23.21,3,2,334,1,61
4.08,18000,59.49,3.17,20,13.76,2,7,158,0,81
4.18,9000,51.4,4.27,30,21.73,2,2,263,0,85
1.23,9000,38.25,3.27,20,26.25,4,2,358,1,69
2.87,24000,52.17,3.49,25,12.19,5,4,413,0,72
4.13,9000,37.33,3.07,20,28.18,2,9,315,1,80
3.52,24000,35.73,4.07,18,20.18,4,8,282,1,96
5.28,24000,55.57,3.29,20,14.58,6,2,156,0,66
4.29,9000,40.24,3.53,15,17.48,4,8,244,0,84
1.81,12000,44.48,3.01,18,14.87,4,4,189,1,66
1.35,12000,59.34,4.48,15,23.95,4,2,410,0,88
4.21,24000,43.42,3.08,18,25.52,3,10,144,1,85
1.13,9000,42.41,4.04,25,26.32,4,7,356,1,91
3.93,12000,57.96,3.35,25,29.69,4,6,120,1,75
5.7,9000,37.77,2.91,25,25.41,3,10,120,0,82
3.88,9000,53.99,4.1,15,21.23,3,5,151,1,94
2.94,9000,59.7,3.17,30,15.46,6,1,437,1,65
4.22,30000,57.53,4.23,18,19.98,5,2,270,1,88
3.29,9000,51.29,4.33,25,8.9,2,8,166,0,100
3.73,30000,42.85,4.22,18,24.39,2,1,212,1,88
5.71,24000,41.36,2.57,15,17.81,4,3,399,1,59
2.93,12000,55.48,4.07,30,8.44,6,2,259,1,87
5.81,12000,57.0,3.32,15,9.38,4,5,365,0,71
5.53,12000,48.14,4.25,18,16.52,2,4,419,1,87
1.98,12000,41.11,3.78,30,20.84,3,7,331,1,86
1.35,12000,37.82,4.17,30,18.21,5,5,424,0,91
1.5,12000,37.18,3.5,15,21.62,6,8,167,0,91
1.09,12000,52.98,3.57,25,18.57,3,4,127,1,81
1.47,24000,45.5,2.79,18,22.56,5,6,215,1,64
4.42,9000,57.63,4.07,20,12.82,6,4,150,1,92
1.36,18000,53.49,3.34,20,10.48,6,2,280,0,72
2.59,30000,39.78,3.5,15,21.12,2,1,359,0,68
5.22,18000,50.34,4.07,18,18.66,3,1,178,1,86
1.12,18000,45.89,3.7,18,8.59,6,8,372,0,87
5.07,9000,49.43,2.9,15,16.37,6,4,207,1,70
2.41,9000,53.45,3.68,18,10.33,5,5,173,1,88
1.59,9000,55.15,3.32,25,19.69,2,8,274,0,81
4.48,12000,56.09,3.44,15,16.71,4,7,283,1,83
4.14,24000,41.35,2.56,25,21.49,2,8,122,0,74
5.39,12000,35.78,2.92,18,25.72,4,8,373,0,73
4.68,24000,53.48,3.06,15,14.59,3,6,228,1,71
5.02,24000,37.66,3.93,18,29.17,3,10,390,0,99
2.41,18000,42.87,2.52,15,19.78,6,2,419,1,48
1.89,18000,35.1,3.32,18,21.6,3,6,285,0,78
4.75,24000,52.04,4.35,25,22.97,6,1,158,1,94
5.03,24000,39.18,2.72,25,22.67,2,1,100,1,62
5.95,12000,51.38,3.53,18,19.24,3,3,230,1,75
3.06,12000,59.79,4.07,15,17.43,2,3,166,0,85
2.86,18000,36.82,4.39,20,9.18,2,5,392,1,94
4.88,9000,36.93,3.99,25,8.49,3,1,384,0,78
2.7,24000,43.51,3.94,25,15.88,2,10,188,0,97
5.65,12000,56.66,4.15,20,15.34,3,6,199,0,97
5.29,18000,40.39,3.39,18,16.53,3,7,288,0,79
3.14,12000,44.01,4.11,15,11.04,3,10,477,0,97
4.75,24000,36.71,2.52,18,24.24,4,3,445,1,52
4.77,24000,54.08,4.35,30,26.85,2,4,487,0,94
1.52,30000,45.21,3.39,25,28.65,5,10,340,1,85
5.51,9000,53.98,3.61,30,18.83,3,10,369,1,85
3.53,30000,57.59,3.01,25,23.42,2,10,318,0,73
5.13,18000,40.82,3.99,25,26.82,6,10,275,1,100
2.6,12000,55.18,2.65,30,17.2,3,10,486,1,68
5.48,18000,36.48,4.25,30,14.81,3,3,440,0,87
2.95,24000,57.47,4.16,18,28.61,5,1,332,1,82
1.05,30000,51.27,2.93,30,19.34,4,8,250,0,70
5.53,30000,56.86,4.12,18,18.94,4,10,376,0,99
1.46,30000,35.0,4.07,18,11.93,3,10,328,0,100
2.6,18000,39.23,3.76,18,10.38,2,2,270,1,76
5.75,24000,44.74,3.25,25,26.53,6,1,322,1,62
5.75,12000,44.49,3.04,25,21.51,6,8,312,1,72
3.87,12000,40.67,2.96,30,15.17,2,7,381,1,67
4.16,18000,44.54,3.14,25,12.22,3,7,140,0,80
3.24,30000,38.22,4.31,30,20.22,6,4,221,0,92
2.47,9000,45.32,2.66,25,20.85,4,9,326,1,67
2.64,18000,55.06,4.16,15,12.55,2,6,393,0,88
4.36,18000,46.98,3.2,15,26.73,5,2,187,1,74
4.76,24000,35.45,3.54,30,9.85,3,1,366,0,75
4.96,12000,45.54,4.09,25,15.83,2,1,128,0,83
4.95,18000,35.68,4.27,25,22.97,6,9,346,0,100
1.46,18000,59.16,3.19,18,14.03,3,4,415,0,64
3.47,30000,38.19,3.42,20,26.21,4,5,343,0,77
1.29,30000,52.69,3.33,30,24.28,3,3,160,1,69
3.75,9000,59.32,2.53,20,25.36,3,4,246,1,59
3.21,24000,55.65,3.09,20,10.62,4,8,273,0,77
5.44,9000,52.48,3.42,30,11.09,4,4,377,1,77
2.75,30000,55.99,3.32,25,14.3,3,9,433,0,76
1.59,12000,59.54,3.94,30,19.4,4,9,468,0,94
1.71,30000,50.53,3.27,20,24.46,2,6,478,0,75
4.81,24000,48.98,3.48,25,26.4,4,2,241,0,70
4.09,30000,50.71,3.36,15,23.5,4,10,143,1,88
1.51,24000,48.32,3.98,30,28.43,3,7,243,0,90
1.42,24000,50.88,4.23,30,24.25,2,9,452,1,96
4.5,24000,46.25,3.56,25,14.74,5,6,432,0,77
1.36,24000,40.46,4.08,15,13.83,5,3,495,0,84
5.11,24000,38.01,3.09,15,23.32,6,7,154,1,78
4.53,12000,36.71,3.58,25,12.24,4,5,406,0,84
1.41,9000,41.58,3.19,18,10.04,4,1,457,0,58
1.42,18000,36.15,3.33,30,19.71,2,3,260,1,78
5.93,9000,49.18,3.96,30,26.08,5,5,384,1,83
2.87,24000,42.1,4.26,20,10.23,6,7,424,1,99
2.85,12000,55.61,2.74,25,25.42,2,3,297,0,57
5.06,30000,36.86,3.77,20,25.85,4,6,258,0,84
5.74,12000,40.66,3.66,20,18.61,5,5,179,1,89
5.93,24000,53.26,2.74,15,9.26,6,1,130,1,56
4.77,12000,49.97,2.92,30,11.84,3,10,211,0,80
2.88,12000,36.61,3.12,20,23.56,5,6,145,0,78
1.42,24000,56.93,2.83,15,23.66,6,8,452,1,67
4.89,12000,56.93,2.99,25,27.76,2,1,304,1,59
3.79,18000,43.26,3.04,20,20.82,3,2,151,1,69
3.12,18000,43.51,3.17,30,10.73,6,4,237,1,68
5.53,12000,59.73,4.0,20,10.67,6,2,173,0,86
1.56,30000,50.65,3.64,25,23.86,4,9,140,0,96
3.46,24000,48.28,4.47,20,12.04,5,10,176,0,100
1.06,18000,55.95,3.33,30,15.22,4,8,486,0,73
3.34,30000,42.13,4.01,15,18.72,3,8,286,1,98
1.28,12000,45.73,4.24,30,8.54,6,4,469,0,88
1.59,30000,41.69,3.86,15,13.47,4,5,151,1,89
1.59,9000,54.73,3.32,18,16.97,5,4,186,0,71
4.25,18000,49.33,4.01,30,14.15,3,9,208,0,99
4.73,12000,51.47,2.91,30,11.0,2,2,496,0,53
3.92,24000,41.31,3.16,25,24.02,4,8,324,1,78
5.81,12000,40.51,3.59,20,25.89,3,2,347,0,77
2.87,24000,47.21,3.65,15,13.66,2,1,168,1,74
2.43,12000,53.44,2.54,15,25.04,4,10,219,1,70
5.34,30000,48.13,4.39,25,16.48,3,3,166,0,100
2.12,30000,35.82,3.89,25,19.15,3,9,160,1,100
5.82,30000,56.71,3.49,20,26.83,4,3,426,0,75
1.06,9000,36.62,4.37,20,24.5,3,9,290,1,100
5.85,24000,58.9,3.38,30,25.71,6,7,288,0,82
1.22,30000,35.63,4.46,18,11.01,4,10,250,1,100
5.46,9000,52.36,3.52,20,9.53,3,1,385,1,65
3.64,24000,37.06,2.73,25,27.65,2,10,195,0,74
5.96,12000,57.77,4.03,20,16.53,2,5,411,0,85
1.37,9000,46.61,3.86,15,14.33,6,9,408,0,95
3.77,18000,38.44,4.05,18,23.94,4,3,362,0,84
5.85,9000,43.52,4.4,30,26.4,3,9,196,1,100
3.62,9000,39.12,4.05,15,26.97,3,5,212,1,94
4.15,24000,39.26,3.72,15,14.95,2,9,224,1,94
4.48,12000,58.7,4.21,18,26.75,6,10,231,1,100
3.27,18000,46.13,3.85,30,8.9,2,6,220,0,90
4.14,30000,54.72,3.32,25,9.09,2,9,296,1,81
3.92,30000,50.99,4.27,30,21.72,6,7,393,0,92
5.51,9000,51.91,2.94,20,9.39,4,7,221,1,78
1.23,24000,38.29,3.93,15,15.14,3,8,381,0,89
2.4,24000,40.85,4.26,20,22.8,4,7,484,0,91
5.75,30000,54.67,3.96,25,15.42,5,9,359,0,98
5.45,18000,59.27,3.89,20,11.95,5,9,138,0,95
3.28,12000,41.57,4.01,30,14.19,5,6,153,0,96
4.1,18000,41.79,3.43,20,18.07,6,7,260,1,81
2.39,12000,46.82,4.25,25,18.46,2,2,388,0,85
1.94,30000,59.6,2.91,25,25.23,4,9,299,1,71
3.32,12000,41.72,2.75,25,24.5,3,1,375,1,53
2.77,24000,45.17,3.07,30,18.05,5,1,115,0,65
3.92,9000,57.29,3.56,25,26.6,4,3,272,1,78
1.39,9000,35.07,3.52,15,10.51,5,6,347,1,82
5.87,30000,35.99,4.14,25,13.62,5,5,482,1,93
5.93,24000,50.1,3.31,20,26.22,3,2,317,0,64
4.49,18000,57.68,3.47,20,16.32,6,9,186,0,87
3.68,24000,40.97,2.53,20,29.59,2,10,181,0,73
2.55,9000,46.74,3.32,30,18.26,6,4,161,0,80
5.07,9000,46.26,3.8,20,25.42,4,4,386,1,77
4.42,24000,46.82,2.53,30,16.85,6,5,141,1,63
1.81,24000,50.56,3.06,30,17.35,4,8,111,1,83
5.55,9000,46.74,2.92,25,16.42,4,10,420,1,72
5.11,18000,46.19,2.58,15,23.82,2,4,333,1,62
5.75,30000,46.86,3.46,25,20.05,3,5,428,1,71
4.63,30000,49.77,2.86,25,28.76,2,4,230,0,67
4.07,24000,48.43,3.99,30,13.52,6,6,214,1,97
3.09,30000,56.35,4.2,30,10.21,4,3,317,1,89
5.66,9000,36.24,3.59,20,16.65,5,8,236,1,88
5.33,9000,55.83,4.46,20,21.57,5,6,205,0,96
1.23,24000,56.1,3.4,25,26.94,4,10,278,1,91
1.13,24000,42.12,3.53,18,15.62,2,5,115,1,83
2.88,24000,46.57,4.48,18,22.38,3,2,341,0,87
5.05,18000,45.96,2.96,20,15.7,2,10,433,1,77
5.94,30000,40.46,4.39,18,21.58,4,10,480,0,100
1.75,24000,44.92,2.59,20,27.47,4,7,486,0,57
3.97,12000,36.11,3.39,30,13.09,3,2,325,1,68
2.9,12000,41.95,2.64,25,16.89,6,1,341,1,49
5.85,9000,55.42,3.96,15,29.85,6,7,240,0,93
5.21,30000,42.11,3.72,25,27.11,3,5,485,1,81
5.19,24000,55.46,3.91,20,20.42,6,1,298,1,78
3.34,12000,48.29,3.25,20,19.37,5,4,211,0,77
3.07,30000,57.0,3.24,25,14.26,6,4,226,0,76
2.37,9000,49.37,2.59,20,19.38,6,10,120,1,75
1.28,18000,35.74,3.2,18,26.66,6,7,246,0,74
5.32,30000,51.89,4.36,18,23.07,5,9,188,1,100
5.06,30000,36.12,3.26,20,14.38,6,2,402,1,66
6.0,18000,46.26,4.16,20,12.43,5,1,302,1,85
5.98,30000,58.24,4.18,18,13.83,3,2,184,1,89
3.78,9000,39.13,3.25,20,11.73,2,7,266,0,78
4.84,9000,44.75,3.76,20,10.1,3,10,483,1,95
5.72,18000,53.25,2.69,25,17.22,2,6,171,0,63
5.25,24000,57.06,2.71,15,10.49,3,4,397,1,60
2.24,12000,51.77,2.6,18,11.78,2,1,108,1,51
3.25,24000,41.45,3.66,25,20.04,2,1,380,0,77
1.65,30000,51.87,3.35,15,11.62,4,5,357,1,70
5.77,12000,42.42,3.6,20,9.41,2,1,374,0,68
4.03,18000,52.96,3.54,20,14.98,2,7,337,0,81
2.14,18000,58.85,3.2,25,12.85,4,1,119,1,66
4.36,12000,53.03,3.85,20,19.34,6,1,332,1,74
4.09,9000,56.57,4.02,30,10.25,6,2,320,1,83
2.79,12000,35.05,2.53,25,24.54,4,10,425,1,68
1.57,30000,52.94,2.91,15,27.94,5,3,116,0,61
4.36,9000,55.74,3.93,25,24.36,2,1,479,1,73
3.6,18000,36.01,3.27,18,19.72,2,9,188,1,89
4.86,12000,56.79,3.82,25,26.93,4,10,295,1,96
3.6,24000,41.42,3.19,20,23.29,4,8,449,1,78
5.26,24000,51.63,3.28,20,8.23,5,5,183,1,78
3.76,30000,55.01,2.82,30,16.67,6,2,486,0,53
3.8,24000,51.57,3.02,30,26.72,3,5,186,1,67
5.38,12000,37.31,3.71,30,15.61,6,6,406,0,82
3.02,12000,49.91,3.37,15,8.77,2,1,437,1,68
1.67,24000,48.74,4.05,30,24.42,4,4,253,1,93
1.14,12000,57.51,4.21,15,25.64,5,9,327,1,99
4.78,30000,45.11,3.58,30,11.53,6,2,363,0,68
4.1,9000,43.03,4.02,15,19.82,5,5,322,1,86
4.52,30000,53.75,3.11,25,12.22,6,1,220,0,62
2.06,30000,45.32,3.33,25,23.82,2,4,272,0,75
1.68,12000,51.15,3.93,20,13.97,3,4,103,1,85
1.07,9000,51.16,3.27,15,14.96,5,6,441,0,77
2.75,12000,57.2,3.68,18,26.59,5,10,227,1,91
3.95,18000,49.97,2.87,20,18.48,3,9,209,1,80
2.96,12000,47.55,3.7,25,22.73,5,3,454,0,78
3.19,12000,38.47,4.22,15,16.85,5,9,136,1,100
5.52,12000,37.89,4.24,30,14.56,6,6,170,1,100
2.74,9000,38.86,3.95,18,21.76,6,7,388,0,92
3.57,12000,39.3,3.99,25,11.41,3,10,130,0,100
4.92,9000,50.95,3.62,20,16.21,2,2,480,0,72
2.98,24000,53.52,3.67,15,12.6,5,10,367,0,91
4.11,18000,48.25,2.77,18,23.31,2,6,110,0,75
5.31,9000,55.73,3.39,15,28.77,3,6,443,0,77
5.75,24000,59.78,3.4,30,29.9,3,2,427,1,70
1.74,9000,55.5,4.42,20,17.91,6,2,131,0,97
5.63,9000,52.37,3.36,15,13.56,5,2,156,0,69
3.46,18000,48.31,3.6,25,17.74,4,10,265,1,87
2.29,30000,46.22,3.57,20,26.64,3,1,287,1,72
3.3,30000,37.11,3.77,25,12.53,5,5,441,0,83
5.9,9000,44.98,4.0,15,28.95,2,8,118,0,100
3.46,12000,57.75,2.95,20,15.52,6,2,215,1,62
2.64,24000,55.2,3.56,25,29.69,2,5,283,0,80
4.17,12000,40.4,4.15,30,26.45,3,8,369,0,97
2.2,12000,46.67,3.43,30,25.79,3,10,132,1,86
1.38,9000,55.42,3.06,15,14.99,2,5,109,0,74
1.64,9000,36.68,3.81,20,8.19,3,2,179,1,86
1.64,9000,44.68,4.15,18,16.41,5,3,291,0,85
1.76,9000,56.3,2.63,20,14.64,3,6,419,1,61
1.69,30000,45.1,4.05,30,8.82,6,5,289,1,91
4.2,9000,36.94,4.14,25,19.12,5,4,167,1,90
1.91,30000,48.56,3.42,18,16.87,4,4,447,0,68
2.73,30000,56.54,4.47,15,21.96,3,5,224,1,100
5.48,9000,49.76,4.07,18,21.67,3,2,435,0,80
3.37,18000,40.66,4.05,15,10.66,6,9,158,1,99
4.34,24000,44.61,4.0,18,29.49,6,2,196,1,82
1.86,12000,46.25,2.8,15,12.11,2,10,374,1,75
1.96,30000,49.48,2.93,15,17.8,2,2,248,0,63
1.2,24000,53.98,3.43,18,18.74,2,10,377,0,87
1.84,18000,37.47,3.03,18,25.89,6,9,364,1,73
2.39,12000,57.24,3.33,15,10.18,2,3,108,0,78
1.89,12000,35.31,4.28,30,17.43,2,10,382,0,100
1.44,30000,44.25,4.15,18,21.83,4,7,372,0,93
1.6,9000,35.69,3.76,20,12.73,2,4,400,1,81
3.3,18000,44.82,4.22,25,21.8,3,6,107,0,98
2.03,30000,48.15,4.07,15,28.32,6,4,307,1,92
2.82,18000,47.79,3.36,15,29.95,5,10,224,1,92
3.52,9000,39.14,2.9,25,8.71,4,7,222,1,71
4.45,9000,51.14,3.53,30,13.18,6,1,132,0,78
1.2,30000,36.12,3.97,25,14.83,6,3,100,1,92
5.0,9000,54.05,3.37,18,16.78,3,3,303,0,76
4.14,24000,58.67,3.83,25,13.33,2,1,105,0,78
1.41,12000,43.49,2.69,15,12.48,3,6,396,1,64
5.37,30000,47.93,4.0,25,29.0,2,9,104,1,98
5.6,18000,44.47,4.13,20,28.21,2,8,179,1,100
1.31,24000,35.17,3.91,18,9.03,6,7,373,0,86
2.38,30000,44.65,4.43,25,15.45,2,10,276,0,100
5.03,9000,54.79,4.15,15,16.91,4,8,437,1,93
4.74,9000,49.9,4.31,18,13.26,4,6,420,1,93
1.92,9000,37.53,4.37,15,21.84,4,9,438,0,100
2.05,9000,56.18,4.1,30,22.09,6,3,235,0,91
2.85,18000,48.28,3.85,20,26.71,3,10,486,1,93
3.42,24000,56.04,2.51,30,24.3,5,10,124,0,75
4.09,12000,49.51,3.43,20,19.94,2,9,424,0,80
2.84,18000,48.99,3.64,25,22.38,5,4,282,0,80
3.31,18000,37.63,3.11,18,14.03,3,7,267,0,76
4.74,12000,39.18,3.14,25,21.05,3,9,437,0,73
1.18,12000,59.3,4.42,20,18.76,6,2,277,0,91
2.26,9000,40.71,4.28,20,10.93,4,2,472,1,87
4.57,18000,59.44,4.2,20,13.34,4,9,194,0,100
5.48,30000,48.3,3.31,15,14.42,3,3,132,1,77
3.56,12000,38.39,2.53,18,28.33,6,9,210,1,71
3.66,12000,37.48,2.66,25,13.07,6,5,245,0,60
1.54,24000,40.22,3.12,25,14.36,2,6,480,1,66
3.24,30000,58.14,2.53,30,16.13,4,2,330,1,53
3.66,30000,45.35,2.53,20,22.6,3,8,371,1,62
2.21,12000,44.89,4.33,20,10.6,5,9,435,0,97
2.35,9000,42.83,3.91,20,28.99,4,2,137,1,84
2.89,24000,38.68,3.12,25,27.04,2,6,234,0,76
1.1,30000,47.2,2.77,30,20.7,6,6,433,1,62
2.61,12000,38.25,3.52,15,22.83,3,8,334,1,88
2.06,30000,55.89,2.51,18,8.37,4,10,418,1,67
2.64,24000,44.26,4.38,15,15.46,5,5,467,1,92
1.6,24000,44.37,3.33,25,25.5,2,9,444,0,83
5.45,18000,46.85,3.3,20,9.7,2,1,259,1,69
3.97,12000,46.1,3.28,18,14.21,4,9,137,1,87
4.4,24000,59.87,2.64,25,20.88,5,10,249,0,72
4.95,18000,48.63,3.78,25,13.64,2,7,499,0,79
3.49,18000,37.21,3.97,25,28.55,3,4,407,0,87
1.43,30000,50.17,3.85,18,10.88,2,3,128,1,84
3.69,30000,38.79,2.78,18,25.54,5,10,243,0,81
3.93,18000,35.77,3.66,30,19.17,6,6,175,0,91
4.73,30000,59.27,3.64,30,24.51,6,1,244,0,74
3.16,24000,54.34,4.24,15,14.84,4,3,328,0,86
1.64,9000,59.5,3.26,18,19.32,5,2,163,0,67
2.42,24000,46.95,3.24,18,26.85,2,9,446,0,77
2.82,18000,48.31,3.74,18,18.27,2,3,444,1,76
4.23,18000,39.21,3.77,30,15.91,6,2,368,0,76
3.85,24000,41.17,3.44,25,19.8,6,4,427,1,74
2.78,30000,55.96,3.39,20,23.78,3,2,283,0,67
5.93,30000,43.9,3.49,30,17.76,6,1,360,0,74
4.03,18000,55.67,4.22,18,28.66,3,6,367,0,89
2.19,12000,52.73,3.42,30,14.49,2,10,268,1,92
1.51,30000,39.43,4.38,15,18.46,3,8,358,0,100
1.76,24000,47.69,3.51,18,24.65,3,10,326,0,89
2.23,30000,51.93,4.4,15,23.16,4,10,132,0,100
1.8,24000,40.88,4.17,18,27.0,6,2,476,0,83
1.93,18000,55.77,3.22,30,29.93,3,9,313,1,81
2.43,30000,48.62,4.23,25,17.39,2,3,149,1,91
1.87,24000,39.13,2.72,20,10.45,5,8,492,1,64
5.48,18000,49.57,4.35,15,8.67,3,8,309,1,100
1.4,12000,59.99,3.76,30,23.99,6,3,128,1,82
3.62,24000,38.76,2.61,25,27.23,4,3,138,0,62
3.05,12000,55.42,3.79,30,12.86,2,6,446,0,81
5.91,12000,40.18,4.45,15,11.49,4,1,199,0,91
1.56,9000,54.56,2.64,20,9.37,5,4,272,1,55
2.99,30000,53.36,3.61,30,26.1,3,1,116,0,72
5.85,24000,42.51,4.0,18,14.85,3,3,155,1,86
5.33,12000,43.15,4.12,25,16.84,6,9,325,0,95
5.09,9000,54.81,3.33,30,19.06,3,5,145,1,74
2.29,18000,46.54,2.91,25,26.47,2,5,166,0,73
1.85,24000,53.27,2.58,18,22.32,5,4,296,0,53
4.34,12000,38.7,3.66,20,21.53,4,3,241,0,82
5.65,30000,56.31,3.41,20,11.86,5,5,422,0,71
3.78,9000,52.77,4.4,18,19.29,3,4,122,1,100
3.86,12000,57.67,2.62,25,23.74,4,8,193,0,68
2.4,30000,38.31,3.87,30,29.41,6,4,341,0,82
4.85,12000,49.83,2.55,18,12.43,5,8,336,0,65
1.94,24000,49.98,2.84,15,8.21,4,6,153,1,69
2.62,24000,43.84,3.41,25,9.66,4,5,237,0,79
3.13,24000,46.46,3.41,20,16.27,4,4,432,0,69
3.54,9000,35.95,3.87,18,26.05,2,4,371,0,89
2.21,24000,53.65,4.32,20,8.16,5,4,140,0,95
1.57,30000,48.73,3.78,25,18.05,4,9,197,0,93
4.05,12000,36.44,4.41,20,15.24,5,4,282,1,99
2.44,18000,52.02,4.26,18,9.15,4,9,227,1,100
3.91,30000,46.67,3.67,25,17.91,6,10,328,1,95
1.77,30000,35.86,4.17,15,13.6,6,6,416,0,93
3.41,24000,59.24,3.79,18,15.74,6,10,185,1,98
3.66,9000,58.73,2.66,30,23.52,3,7,355,0,60
1.26,12000,47.82,3.98,18,19.47,4,10,308,0,100
2.68,9000,37.34,2.69,25,10.74,3,3,314,0,62
1.67,12000,53.87,3.69,18,29.15,5,8,473,0,82
1.32,12000,47.3,3.91,15,21.99,3,3,199,1,81
5.95,9000,42.56,2.63,15,24.85,5,1,148,1,55
2.61,30000,47.29,2.96,30,9.74,5,10,300,1,83
5.05,12000,48.06,4.33,20,9.04,5,5,357,0,92
2.27,9000,49.07,3.73,25,8.43,3,2,475,1,73
4.41,12000,46.03,2.99,25,12.15,4,10,277,1,74
4.8,18000,50.14,3.88,20,17.12,3,6,344,0,86
3.98,30000,57.97,3.69,15,28.59,4,10,222,1,94
3.36,24000,44.06,3.5,15,18.06,4,9,441,0,89
3.06,12000,53.14,4.45,18,14.39,5,1,270,1,90
2.74,18000,57.36,3.87,30,20.36,3,4,432,1,84
5.65,24000,46.4,3.25,30,10.46,4,1,235,1,68
5.15,24000,46.09,4.1,30,21.41,6,1,158,0,81
5.83,12000,50.05,4.27,18,20.51,4,8,292,1,98
1.62,9000,49.79,2.75,30,25.42,6,2,367,1,57
4.65,12000,55.16,2.9,20,29.71,3,1,359,1,61
5.69,18000,46.91,2.93,18,13.52,3,8,472,1,74
1.91,24000,59.9,3.88,20,19.21,3,4,194,0,83
1.33,12000,36.49,3.71,18,28.0,4,3,224,0,79
4.71,9000,35.08,3.74,30,25.27,2,4,140,1,83
3.87,12000,51.0,4.38,20,18.72,4,5,478,1,97
5.21,30000,42.46,4.05,20,28.8,4,1,353,1,85
1.7,9000,41.01,2.76,20,9.26,5,1,106,0,63
4.98,18000,42.8,3.2,18,28.48,5,3,315,1,68
2.01,24000,41.4,3.37,25,9.11,4,6,168,1,81
1.82,12000,35.77,3.29,30,20.04,6,1,168,0,70
1.82,9000,59.29,3.84,20,27.59,5,2,180,0,78
5.07,30000,40.52,4.28,25,13.78,4,7,129,0,100
4.33,9000,53.35,3.11,30,18.39,2,1,172,1,60
3.62,30000,54.06,3.6,30,15.14,6,7,361,0,79
2.79,18000,58.23,4.08,20,28.95,3,4,188,0,93
5.39,24000,35.76,3.33,20,26.12,4,10,307,1,89
2.96,18000,56.8,2.84,18,23.6,4,6,312,0,66
5.08,12000,48.18,3.45,25,20.93,6,8,421,1,81
3.2,9000,50.81,2.61,25,26.05,5,9,365,1,66
2.88,30000,51.11,4.38,20,16.63,5,6,499,0,96
3.31,30000,55.49,2.65,30,17.85,5,9,392,1,70
2.51,9000,43.34,3.38,20,24.06,3,4,306,0,77
4.74,9000,53.33,3.56,30,15.87,6,6,432,0,81
3.51,12000,48.21,4.47,30,9.41,6,8,176,0,100
2.16,18000,54.83,2.83,20,9.64,5,9,387,1,69
5.5,30000,59.76,2.73,15,10.54,5,3,146,0,61
2.92,12000,40.02,2.52,25,27.13,2,2,209,1,54
3.72,18000,59.87,2.81,30,18.39,2,6,299,1,68
5.53,12000,37.25,2.91,30,23.68,4,4,309,1,64
4.12,30000,35.06,3.76,15,16.64,4,1,475,0,70
1.58,9000,36.1,2.94,18,13.69,6,8,253,1,75
5.7,9000,43.54,2.54,15,15.64,6,9,109,1,77
4.14,18000,50.82,4.15,15,25.47,3,9,452,0,94
2.67,24000,36.73,3.23,30,21.75,3,2,256,0,70
1.7,18000,35.14,3.21,25,28.63,2,9,360,1,80
4.97,24000,58.43,3.1,15,22.95,4,7,176,1,72
4.1,12000,55.55,4.45,18,20.54,2,5,356,0,96
3.67,12000,55.23,2.84,20,21.42,2,7,230,1,72
5.47,30000,57.11,4.3,15,28.73,4,9,166,1,100
4.94,24000,52.5,4.05,15,25.34,3,8,327,1,98
1.76,30000,37.61,2.65,18,8.53,4,6,262,1,63
2.56,9000,44.98,4.47,25,19.75,5,4,114,0,96
2.24,24000,53.08,3.04,15,23.14,5,1,331,1,65
4.72,18000,42.01,2.7,15,24.47,5,6,294,0,64
1.17,9000,52.19,4.16,25,12.69,6,3,448,1,85
3.85,9000,35.61,3.91,18,27.08,3,6,129,0,96
4.81,18000,42.65,3.73,15,29.03,3,6,458,1,81
5.38,9000,48.73,2.81,25,13.21,6,4,437,0,62
2.71,24000,50.8,3.46,15,27.42,2,2,430,1,65
5.11,30000,49.43,4.06,20,10.13,5,9,415,0,93
1.55,9000,52.44,3.11,30,9.23,5,2,395,1,59
5.23,24000,35.15,3.12,20,10.84,2,3,429,1,69
1.64,12000,37.52,2.51,15,9.27,4,10,319,0,67
2.99,24000,56.72,2.85,18,26.59,4,1,476,0,55
4.99,30000,52.04,4.25,30,9.3,3,7,246,0,100
1.75,24000,37.82,3.38,20,13.98,6,1,358,0,68
2.15,18000,56.05,4.47,25,10.28,3,9,391,0,100
4.61,30000,41.06,3.29,18,14.5,4,1,398,1,65
4.6,12000,46.96,3.93,20,9.99,2,5,242,0,87
4.21,18000,38.63,3.06,25,22.7,3,7,334,0,74
4.47,24000,52.75,3.23,15,10.93,5,3,214,1,72
3.71,30000,51.67,2.88,25,26.74,5,9,464,0,76
2.26,12000,40.28,3.19,20,25.98,2,8,189,0,86
2.73,18000,56.59,3.59,20,8.3,4,3,307,0,79
1.91,12000,45.03,4.48,15,27.71,5,5,263,1,100
5.54,24000,42.31,3.83,25,8.64,5,7,183,0,92
3.92,12000,38.81,2.9,25,13.27,6,4,176,1,70
3.0,9000,41.65,2.59,15,8.71,3,5,260,1,66
3.31,18000,35.55,2.75,25,15.39,4,3,104,0,64
5.74,12000,49.58,3.63,15,19.31,3,9,177,1,96
1.77,24000,56.06,4.03,18,25.53,4,10,190,0,100
3.93,24000,48.72,4.38,20,15.44,5,9,186,0,100
3.53,12000,40.48,2.53,18,23.52,6,7,369,0,65
4.06,24000,35.84,3.55,30,12.13,3,10,203,0,97
1.09,30000,40.37,3.44,30,24.51,5,2,438,0,67
5.36,30000,45.4,3.81,30,13.19,4,7,274,1,92
5.66,30000,53.99,3.62,15,11.16,3,7,153,1,88
3.83,9000,39.7,3.87,25,12.08,3,5,487,1,81
4.48,12000,52.99,3.82,18,12.01,5,9,310,1,95
5.61,9000,56.67,2.73,18,19.28,3,3,194,0,61
4.54,24000,46.35,4.1,18,26.59,6,4,322,0,90
1.76,9000,55.54,2.75,18,9.75,6,1,108,1,57
3.88,24000,48.87,3.9,30,23.55,5,6,152,0,91
4.03,24000,50.93,3.33,18,22.4,4,4,176,1,77
3.12,18000,48.16,3.53,25,27.2,5,1,305,1,70
4.68,30000,46.58,4.31,30,13.37,6,2,415,1,84
5.67,24000,40.87,4.28,18,17.9,2,3,401,1,94
5.63,18000,42.58,4.14,15,28.37,2,9,409,0,98
3.25,30000,42.25,3.52,20,22.52,3,8,429,0,85
1.57,24000,49.08,3.97,20,16.55,3,7,211,1,93
5.92,24000,38.0,3.53,20,10.89,2,4,450,1,74
5.19,9000,57.92,4.24,30,13.77,6,1,264,1,84
1.62,9000,53.02,3.31,18,20.79,3,8,378,1,78
5.6,30000,45.04,4.44,30,23.8,5,4,126,1,100
5.35,24000,38.97,4.36,25,10.74,5,3,169,0,96
3.59,12000,57.05,3.98,15,21.19,6,9,317,1,95
3.96,9000,55.59,3.06,15,20.11,3,10,464,1,72
3.0,30000,53.04,2.76,20,19.31,5,4,288,0,62
1.27,24000,41.79,4.21,20,23.18,3,4,432,0,86
2.68,24000,45.06,2.83,20,26.42,3,9,405,0,68
5.01,12000,37.57,4.21,18,15.11,5,2,223,0,94
1.02,30000,39.73,3.48,25,27.56,2,5,118,0,84
2.67,24000,54.58,3.31,25,11.53,5,4,356,0,73
2.99,9000,52.88,4.31,25,11.81,6,9,395,0,100
3.69,12000,49.84,3.71,25,13.87,4,5,121,0,90
5.6,30000,57.39,3.65,20,10.63,5,9,467,0,87
2.73,12000,49.58,3.62,15,13.07,3,9,139,1,95
2.73,9000,46.67,3.24,20,10.34,3,2,137,0,70
4.69,30000,43.51,4.07,25,26.08,5,9,147,1,100
3.26,12000,58.51,3.01,20,11.06,4,3,282,1,67
2.12,18000,37.07,4.38,25,24.44,5,4,174,1,100
3.26,9000,58.27,4.29,30,9.05,4,1,308,1,82
1.7,9000,55.67,3.17,15,28.87,4,1,282,1,61
1.88,9000,38.25,3.96,30,23.65,6,1,206,1,81
3.49,18000,49.12,3.65,18,8.15,3,9,287,1,88
3.09,18000,56.66,3.18,20,24.8,3,8,363,1,80
5.57,24000,49.3,4.48,18,19.31,4,5,185,0,96
2.81,12000,57.68,2.55,20,25.15,3,5,423,1,52
3.9,24000,58.57,3.01,30,19.49,2,9,430,1,71
4.16,12000,45.56,3.54,25,22.1,4,3,236,1,74
1.07,18000,44.43,3.54,25,25.3,3,3,445,1,70
4.32,18000,58.41,3.68,20,16.91,2,7,485,0,85
1.89,24000,51.88,4.0,25,8.06,6,9,435,1,94
5.81,30000,37.9,3.75,30,26.7,3,6,194,0,84
1.74,24000,36.06,3.7,25,16.38,2,2,425,0,75
3.07,12000,49.12,2.61,30,18.91,5,1,344,1,51
1.43,24000,58.25,3.25,18,8.17,5,2,189,1,65
5.98,9000,56.11,2.96,30,18.83,2,1,158,0,64
3.51,12000,51.9,3.03,15,29.7,4,10,127,1,84
3.98,12000,38.48,3.61,15,14.12,4,10,171,1,97
1.34,30000,41.36,2.9,15,16.7,3,9,369,0,76
4.75,18000,56.89,3.09,20,23.12,5,10,123,0,78
2.05,12000,39.57,2.97,20,25.93,4,8,211,1,81
5.49,18000,41.96,4.4,20,17.18,4,7,399,1,100
2.03,24000,38.24,4.39,30,14.81,5,3,155,1,100
1.95,9000,51.9,3.72,20,28.63,6,8,322,0,83
1.18,30000,58.6,4.35,18,22.9,4,2,219,1,95
3.36,18000,41.72,4.07,15,10.62,2,2,278,0,88
3.82,12000,46.89,3.68,30,9.52,3,10,387,0,94
1.33,18000,50.86,2.51,15,18.64,4,3,380,1,49
4.88,12000,59.99,4.05,20,12.84,4,7,471,0,91
3.27,18000,37.62,3.9,30,13.59,6,1,288,1,85
3.62,12000,47.46,3.73,25,27.31,2,8,165,1,94
3.2,24000,44.63,4.02,18,9.97,3,7,397,0,92
3.0,12000,56.65,3.53,20,23.74,4,4,348,1,80
3.8,12000,46.9,3.91,20,13.97,3,5,175,0,89
1.78,9000,37.77,4.37,18,24.73,5,10,236,0,100
1.91,12000,50.86,3.25,18,23.89,4,1,263,1,66
5.31,9000,54.27,3.92,25,8.16,4,4,332,1,88
5.73,30000,35.07,3.45,20,19.2,5,1,354,1,66
2.87,9000,56.47,3.85,20,11.07,6,1,393,1,75
2.35,24000,39.65,4.03,15,27.06,4,10,269,0,100
4.22,9000,48.8,2.59,30,27.17,3,1,416,0,53
3.04,30000,45.39,3.79,30,17.2,2,7,273,0,90
1.13,24000,52.99,2.95,15,17.78,3,7,444,1,72
1.78,18000,44.28,3.84,30,14.67,6,4,117,0,92
4.58,18000,56.74,3.44,18,23.77,2,2,169,0,69
4.29,9000,53.26,4.05,30,15.89,3,3,437,1,81
1.14,9000,51.19,2.75,30,13.89,3,8,215,1,66
2.11,30000,54.91,3.75,15,17.51,5,8,179,1,90
2.16,30000,53.85,3.06,25,10.01,6,6,114,0,75
4.36,12000,35.9,4.21,30,24.43,5,10,275,1,100
1.1,30000,44.87,4.36,30,8.28,2,9,368,0,100
1.52,12000,58.27,4.49,25,22.18,5,9,218,0,100
5.0,24000,38.14,4.09,15,12.02,6,4,398,0,83
1.89,9000,53.43,4.01,25,13.11,4,1,287,0,82
4.26,24000,59.36,2.93,15,21.98,4,1,156,0,61
2.19,30000,36.3,3.17,18,29.84,2,10,298,1,81
1.5,24000,52.05,3.43,15,25.11,4,5,116,0,85
2.22,24000,46.7,4.05,18,12.97,5,2,387,1,86
4.61,24000,49.48,4.33,18,11.87,2,6,154,0,99
5.28,30000,37.13,2.88,15,27.06,6,7,368,0,74
5.15,24000,36.08,4.34,20,17.77,2,1,402,1,85
2.99,12000,51.67,3.89,15,11.02,2,6,186,0,93
4.34,30000,55.58,3.72,30,26.97,3,8,417,0,86
2.02,24000,54.55,2.9,30,25.95,3,5,128,1,66
2.47,30000,48.6,2.61,20,29.65,2,7,121,1,73
5.48,18000,37.5,3.64,18,28.01,4,10,420,0,90
1.07,12000,52.2,3.8,20,26.74,3,6,384,0,87
1.43,24000,41.05,2.92,30,9.16,6,4,147,0,68
2.04,18000,57.78,3.61,20,10.3,5,7,104,1,83
1.13,18000,55.96,4.21,15,20.52,3,10,349,0,97
1.91,30000,52.73,4.17,20,19.69,2,9,262,1,100
3.92,18000,58.72,4.35,18,18.08,4,10,301,1,100
3.11,12000,35.79,3.23,15,16.73,5,10,200,0,85
5.46,12000,53.41,3.14,25,17.49,3,7,170,1,80
5.09,9000,43.26,4.0,30,20.52,4,5,262,0,92
2.71,12000,57.65,3.36,30,8.05,4,7,272,0,82
2.3,18000,41.67,2.68,20,13.74,4,3,240,1,60
2.9,12000,53.12,3.07,15,19.4,2,2,237,1,69
3.95,30000,56.94,3.34,25,23.89,6,5,165,1,77
2.34,9000,36.04,3.09,15,11.83,4,4,297,1,69
4.12,18000,44.94,3.16,30,20.03,5,5,427,1,67
3.05,9000,54.06,3.09,15,23.72,3,8,327,1,73
3.76,18000,46.37,2.58,25,17.78,5,4,380,0,52
3.18,30000,41.68,3.77,20,8.6,2,9,271,0,95
2.47,9000,40.5,3.69,18,17.88,2,7,415,0,82
5.74,24000,38.29,3.81,15,14.52,5,10,139,1,97
4.82,18000,56.43,2.88,18,28.45,6,7,106,1,76
1.7,24000,49.38,3.09,30,10.74,2,8,273,1,75
5.34,9000,36.91,3.74,20,22.35,2,6,250,0,85
3.44,24000,44.56,3.7,20,9.16,5,8,310,0,86
5.47,24000,44.19,3.51,15,17.82,2,3,401,1,76
5.0,9000,39.54,3.2,20,20.19,6,10,185,1,82
3.13,30000,45.89,4.33,15,14.56,6,10,496,1,100
1.11,24000,43.3,3.18,15,18.01,6,1,352,1,64
2.34,24000,43.55,3.41,18,11.6,3,6,120,0,85
3.71,30000,53.48,3.86,20,14.69,6,1,356,0,78
4.17,24000,40.58,3.59,15,21.66,6,9,478,0,89
2.29,24000,51.05,3.19,18,14.64,3,2,480,1,58
1.7,24000,49.27,3.37,25,27.79,4,2,132,0,71
5.17,12000,49.2,4.09,18,21.82,2,7,359,1,91
5.92,30000,51.58,3.06,18,17.65,6,2,333,1,59
3.63,24000,48.71,2.78,15,8.85,2,10,102,1,76
1.86,30000,56.98,3.13,30,18.99,5,8,446,0,72
2.36,18000,51.89,4.2,30,24.83,2,6,407,0,92
1.09,18000,48.67,2.68,30,13.84,3,7,326,1,67
5.57,24000,55.74,4.48,18,25.75,2,7,383,0,99
1.59,30000,50.15,3.58,15,13.54,2,6,169,1,87
3.88,30000,42.28,4.47,20,26.12,2,10,412,1,100
2.37,30000,40.18,4.38,18,9.88,4,9,463,1,100
3.77,12000,38.81,3.41,18,27.06,4,9,353,0,85
4.26,18000,57.49,2.9,15,18.98,5,7,243,0,66
5.15,30000,52.75,2.83,25,14.52,3,9,123,1,72
2.03,30000,58.43,2.98,18,13.83,2,10,333,0,76
1.05,12000,50.08,3.92,25,17.5,2,3,432,0,85
1.68,12000,46.84,3.05,25,29.98,2,3,274,0,69
5.5,30000,36.49,3.18,30,12.85,2,1,431,0,59
5.37,9000,51.79,3.4,15,10.27,4,5,424,1,77
3.99,30000,49.56,4.33,25,20.87,5,4,456,0,92
4.0,30000,59.76,2.88,15,18.75,6,2,258,1,61
4.33,12000,40.98,2.51,30,19.53,3,9,447,1,68
1.88,12000,48.27,2.62,15,22.67,2,3,447,0,53
5.57,30000,51.27,4.31,18,13.88,5,8,385,1,96
3.09,30000,51.11,3.8,25,28.03,6,6,117,1,90
2.92,30000,49.03,3.05,15,17.58,5,5,143,0,73
3.59,12000,54.42,2.85,20,10.84,4,1,254,1,58
1.23,30000,40.12,3.09,15,24.33,6,4,454,1,67
1.83,30000,53.14,2.73,25,22.15,5,3,476,0,60
4.69,24000,50.49,4.38,30,14.95,4,1,330,0,91
1.41,9000,57.4,4.07,30,21.67,5,5,470,0,90
4.02,18000,56.18,3.42,25,12.84,5,6,415,0,79
2.23,9000,42.88,4.23,18,17.79,6,2,324,0,92
2.95,24000,41.91,3.0,18,27.79,4,3,316,1,61
2.44,18000,59.54,3.93,30,10.94,2,6,155,1,89
2.78,30000,48.18,4.21,30,16.51,3,4,130,0,94
4.6,24000,57.66,3.21,25,26.07,6,9,456,0,80
2.49,30000,39.1,4.01,18,29.33,4,5,158,1,93
3.83,12000,51.07,3.09,30,17.99,5,4,479,0,67
3.38,24000,55.25,3.1,18,19.15,4,2,485,0,57
4.32,12000,58.68,2.71,30,20.59,3,6,452,1,58
5.68,24000,43.43,3.38,15,28.51,3,10,334,1,88
4.66,24000,53.12,3.96,20,26.88,2,2,206,1,80
2.07,12000,48.47,4.38,15,11.75,2,7,290,0,99
1.16,18000,36.52,3.71,30,17.61,3,3,117,1,81
2.31,9000,52.25,4.23,20,18.21,6,9,325,0,99
3.98,30000,52.25,4.14,20,25.36,6,5,266,1,94
1.26,24000,58.27,2.85,30,21.26,5,8,170,0,72
3.48,30000,47.43,3.47,30,22.39,2,6,461,0,77
3.98,12000,40.76,2.73,18,29.96,5,10,153,0,73
2.67,30000,36.11,3.86,30,9.65,2,8,344,1,95
4.85,12000,45.39,4.4,25,12.91,3,3,449,1,89
1.53,30000,42.55,2.77,30,16.97,6,3,175,1,65
1.38,9000,54.03,3.97,25,15.65,6,5,134,0,93
4.64,9000,43.86,3.76,30,8.48,3,10,366,1,90
3.48,9000,58.73,3.67,18,10.02,5,3,416,1,79
4.44,9000,59.06,3.28,25,22.98,5,8,399,0,78
3.17,9000,50.52,3.21,15,27.35,4,10,220,0,84
2.23,9000,58.22,2.59,25,19.31,2,8,423,1,60
5.1,12000,54.02,2.94,18,19.86,5,2,124,1,69
5.0,24000,48.67,2.53,25,13.61,3,4,259,1,61
4.47,30000,39.51,3.66,30,24.89,5,10,183,0,92
2.36,9000,46.46,2.71,30,24.54,6,1,213,1,55
3.95,12000,49.02,4.25,18,20.94,2,4,322,0,94
2.8,12000,56.6,3.55,20,12.68,4,4,487,0,75
1.46,12000,47.03,3.9,30,10.13,2,10,265,1,100
5.59,24000,57.44,3.32,15,9.41,6,9,290,1,82
1.68,30000,51.86,3.62,18,21.04,6,3,274,0,79
5.75,24000,38.42,4.39,25,26.15,6,2,100,0,94
3.23,18000,59.87,2.67,25,26.88,6,9,486,1,62
