product_id,defect_type,defect_location,severity,inspection_method,energy_efficiency,noise_level,repair_cost,cooling_capacity
52,2,2,2,1,15.377070287643871,56.73590168326232,465.7748829166168,4.24106010159766
93,3,1,3,2,17.368978398331578,45.99152187057199,891.8539731473211,2.088413341592038
15,1,2,3,2,27.906921783063385,24.137364594419335,683.814658021628,3.2929119735669117
72,3,2,3,2,23.329260950536714,36.08108867552963,909.3240264602822,3.2058118277243572
61,2,2,3,1,25.747740535046656,49.15756800420629,661.1547801226035,3.68782043440285
21,1,2,3,3,19.086908461353104,51.192835360402725,218.1591748043418,4.811654128969414
83,1,2,3,3,22.60494438912316,24.728744891643544,378.7225399946702,3.5292000461686786
87,2,2,3,2,14.96767217486415,20.001228753815298,281.61545342721126,3.3907604337251653
75,2,2,2,2,24.109216605669726,48.4854818352242,917.9438479451761,1.6761302652713237
75,2,2,1,3,18.552026674066745,34.26384703944822,784.3600605587344,1.7201761660630837
88,3,2,1,3,18.850910296294913,30.17925326473041,708.7585320190054,2.155713769643761
100,3,1,2,2,22.986446491537635,20.515898791581016,370.8696876684595,1.613647700921119
24,1,1,2,2,28.725612429378533,41.61197627045999,265.64029484519216,4.101735134495043
3,2,1,2,3,11.280126932172418,54.04602941703927,780.8059791900206,4.031656063978871
22,1,1,2,1,26.494864746940152,58.30526585090352,526.7421512911717,1.9761968205107503
53,1,1,3,2,15.847662208243863,42.62979802453157,303.2105969355662,4.426276152783483
2,1,2,1,3,18.878389090127556,40.57845310959577,654.9597803487476,2.0417511219613917
88,1,2,3,3,10.43826657550018,23.402255419569645,136.30046692460678,2.5541145544907558
30,2,2,1,3,16.02092155668626,41.95491206170399,393.55322871542813,2.3714191470647776
38,1,2,1,3,20.05262485260261,35.19916315861579,521.7012951320212,2.8030748450056673
2,2,2,2,1,11.12352154694878,44.285411235343076,233.16250069846527,2.3913231806148665
64,2,2,3,3,19.8219145876633,35.54905391506187,986.1890298317556,3.211328242534582
60,3,2,2,2,28.542212577168545,29.61196493801467,288.1876281306528,2.925927584741399
21,2,1,3,1,12.107864362156104,23.79861100913506,217.31781703893898,4.952993217727643
33,3,1,1,3,25.288814561510087,32.59673778355583,283.18138649820673,1.69574222544879
76,2,1,2,1,18.193421067519854,23.86579337151009,792.1550198437518,1.9976348173557308
58,2,1,2,2,23.10347429048676,27.07587803295936,482.9550933446585,1.6848906286801086
22,2,2,1,3,15.204731959704587,59.49344634318184,608.8743457772841,3.6904441824383154
89,3,2,1,2,13.189845250827165,37.76414227626475,118.90824128772468,1.6907824709480186
49,3,2,1,3,13.20925228542453,41.27487066020066,130.9881777159831,4.427539080816432
91,1,1,2,3,11.409838912862893,54.944741149488614,501.2429948443145,3.2917852073867473
59,3,2,3,3,13.71293409802486,59.82275601962751,834.9897188814612,3.344526686035368
42,3,2,2,3,23.284387699779366,43.308577973787266,896.7149908368087,3.4655807769926796
92,3,2,3,3,27.63381223687016,52.498952841766865,178.0359108360762,2.0978479720717376
60,3,1,2,1,26.282513711823235,33.07764097346701,584.5267918909205,2.1919160609007067
80,1,2,2,3,23.702686197489683,32.22975829789164,921.9067176513435,2.6158606300555163
15,3,1,1,3,12.208637268222054,36.10814883978241,449.17547895809776,3.57723745537648
62,2,1,3,1,15.783748925918996,46.900290506945964,846.6092482855317,2.235412215790751
62,2,1,2,1,16.19613750644938,47.28766757020395,220.32608895949258,1.9071610449664143
47,3,1,2,1,14.999138927952425,32.60957738597803,941.8550407010189,4.895409102464512
62,3,2,1,1,20.300113194194463,25.328396965465146,776.2809857781724,1.5769363518336803
51,2,1,1,1,20.71107629759345,45.29585025862034,947.2009535082115,4.309440918676076
55,2,1,3,1,17.137719503422204,25.13303448755058,708.9555101972559,4.258123023512577
64,1,2,2,3,17.07578317472872,43.1397003291732,427.0635387994843,2.540249398457836
3,2,2,3,3,26.571111958121627,47.73688512225236,944.3630552722502,1.974693156025597
51,2,1,2,2,25.785856966393712,48.02445985577806,348.01009867826065,2.0097002634689822
7,3,2,3,3,16.155916633614915,50.13888442638387,398.95526985555927,3.9410106603301736
21,2,1,1,3,28.275768877465186,54.91437686262658,730.7275762015663,3.7498230688016077
73,1,1,2,1,29.05630034005012,39.99835967859154,788.7846695728476,4.239609859879854
39,2,1,3,1,16.534850840600818,49.20996758118285,936.4631354642385,4.781184103396866
18,3,1,1,3,17.088498975861096,44.76690941463347,284.32216815058854,3.921745771433072
4,3,2,1,2,20.112683068439175,27.465597591907304,818.1982316973016,2.045480377930052
89,2,1,3,1,28.82241625067347,21.02758579477633,764.691448057267,2.3520491586789376
60,3,2,2,3,27.52638866284623,31.38165542707735,157.41510062823806,4.447678058055901
14,1,2,2,3,12.051359251671796,37.72134825350477,448.50082708918626,2.23257126541973
9,1,2,1,2,17.854614865428324,44.68423777714625,354.4889113540887,1.753828109340685
90,2,2,2,2,21.067423794995435,53.998373220128215,374.04138191862734,3.961480189147877
53,2,1,2,1,20.0626494510308,27.849828668246627,984.6521915992307,2.908842244215497
2,2,2,2,2,13.877261358737854,25.021991595939085,678.4996721319351,4.7201401839106625
84,3,1,1,3,27.176335423363092,58.5391978989731,745.9085420141496,3.7758927488278156
92,1,2,3,3,23.538815659936745,24.321782375056284,978.9558735835083,1.8164664222708127
60,1,2,2,2,26.758167497036073,39.13964280428757,439.4816042118748,4.817497985387813
71,3,1,1,2,27.175285586989443,43.42254915173207,821.6561516075253,2.4049504227408605
44,1,1,1,2,24.967117073314796,41.65497683629753,491.07786697404583,2.680243716422
8,2,1,3,2,18.784212024994346,23.44128628131773,882.5803046334818,2.9079114478923973
47,2,2,2,1,22.21093510030849,22.281076560144776,262.5917871801729,1.6792850374150965
35,2,2,2,2,13.207308122394863,24.21933709844143,952.9175593578516,3.237803977807117
78,1,1,3,1,23.472908349498155,43.4235073549045,296.89453756979174,1.9316147187635229
81,2,1,3,3,13.585065114785614,41.773795505372846,393.59845628283836,2.903396143409231
36,3,1,1,2,23.878991810203136,29.34963168146977,780.5730106961024,2.727484257972295
50,3,1,1,1,14.591963215079373,45.51096567382366,454.37962740886604,4.204940291992761
4,1,2,3,2,12.3510260030044,52.802700082225975,647.390239089802,4.311096790714559
2,3,1,2,3,13.305689802859149,21.66315839386375,500.1161509624857,2.036945088361808
6,3,1,1,3,10.039842704381405,39.92519774192169,768.1329433808037,2.7829291558272917
54,1,1,1,3,24.374792357070604,47.57241648410761,305.49812713174975,2.806736063611411
4,2,1,2,2,24.648020981167583,30.092477082787482,152.61218851318932,2.029936553776298
54,2,2,1,2,20.29866699826519,32.31083621172596,369.9364577257596,4.294587267679167
93,2,1,2,1,13.227256021107674,44.54551611957535,526.8777983815872,3.9752991491739813
63,1,2,2,3,11.671086750213796,55.917411737749475,251.2180469734107,2.1663362520396214
18,3,1,2,2,10.38257932874574,52.39697681211597,419.3175606907498,2.783526680078297
90,2,1,3,3,13.314963539304415,43.32520876398334,459.98471646421166,1.8703175869977997
44,2,2,3,3,27.817110699662933,49.20886871028997,151.6526593194462,3.698723089825654
34,1,1,3,1,14.830736834033635,34.59289880831194,624.976523365784,1.9248017359201688
74,2,2,2,1,17.085426544344315,45.63862112395031,895.9090851741588,4.950769590187212
62,1,2,2,1,12.106909689626663,38.64726364510228,236.56862165774717,4.232387261407518
100,3,1,3,1,14.447226094963405,27.59744545830244,638.0272120613627,2.8658349235439826
14,1,2,1,3,20.384491415604103,48.069530955090286,698.2652844197617,3.5249737629777407
95,1,2,2,1,22.15505366191305,42.25858549395288,477.4012123773595,4.68969635675743
48,1,2,1,1,14.90704628332422,34.344863278143656,730.987828627843,3.4393474813853917
15,1,2,1,1,11.154643184502344,56.45356760314523,469.65838914191085,2.110744702392843
72,3,2,2,1,17.82065738254797,20.83736471306933,554.1735591796914,2.8254617445340573
78,3,2,2,3,14.684067418526682,32.63092604997984,106.61774009898429,4.451007027604109
87,2,2,1,1,14.391078464596038,22.275255911105862,722.54810272122,3.7547455559636624
62,3,2,1,3,29.197256054269104,50.661092648865086,695.208411050252,3.777535345168301
40,3,1,3,2,22.32600971851448,48.084298164551704,134.5607895937101,4.533875199909712
85,2,1,3,3,21.137568863441917,33.25408874945268,431.42509665561977,4.628905701118766
80,3,2,2,3,18.315502070466437,47.02651608828292,981.1286567125006,4.719274001228027
82,1,1,3,1,18.578886668602884,35.83748904783799,478.66290631175514,1.8319721763860464
53,1,2,3,2,20.818100076761617,50.25015165689737,551.7508646186575,3.404441006870853
24,2,2,3,2,23.928596140722146,38.167346509468246,918.9371423437467,4.0917833242641155
26,2,1,3,2,24.04292192363659,36.49118911326662,745.5356882791808,4.149243957944549
89,2,2,1,2,13.433878154108992,57.389196619532036,623.8631180118012,3.6235067068950135
60,1,2,2,3,20.00225504153254,30.03516399562801,818.0242132069652,2.0837556731428597
41,3,2,3,2,18.23916190068204,24.817893599862618,877.9296398103759,4.290971938795825
29,1,2,1,3,27.410539325387685,43.38172453037833,511.19926456354017,4.02038966730231
15,2,1,1,3,22.628378424367526,58.77287249136715,527.5975284386518,1.801475200421627
45,3,2,1,3,20.650081328319636,35.11356854908747,447.4458420866522,3.123334386360317
65,3,2,3,2,12.307892843578347,22.48147054515126,970.0355260166145,2.1089208983263124
89,1,2,3,1,22.11275778646823,33.5722106923827,727.4496288613153,2.6811696599954016
71,2,1,2,1,12.344078113604668,40.23726617278234,174.90075958726507,1.563283822719899
9,1,2,3,2,16.74413151131504,26.47692026528855,876.6636609817166,2.9011545394376537
88,3,1,3,1,12.856839296286637,46.32408872225968,532.5039467526412,3.4245692240467367
1,1,1,1,1,23.841472940487378,59.90997556040802,161.87851578023873,3.668539074894804
8,1,2,2,3,14.125042276723052,38.06957903925775,594.74552964698,3.8222162079504853
88,2,2,3,3,17.83718746376052,34.1891422692085,475.44785107813186,4.42701959585861
63,2,1,3,2,27.913495552375572,36.028166673378664,889.9744643763623,2.2541201754650553
11,3,2,1,2,14.086327667979406,24.605847135808045,283.5951432484486,1.9216863785346379
81,1,1,1,1,20.15610127917558,55.33094405704895,843.8181485429647,4.48038010164274
8,1,1,3,3,18.38543322332044,36.59302622085408,601.9198220669075,2.048144852124275
35,1,2,2,2,10.362480820914595,35.49097645699365,149.14927289212216,4.9116602846766835
35,3,2,2,2,25.855162271456255,46.38761091721897,974.6607711929362,4.44888380289523
33,3,1,1,2,11.380918126291995,37.68133683724494,561.3537196928798,3.253068120613597
5,2,1,1,2,19.485100419539073,45.92933875231384,361.7891688084242,4.934974987227088
41,2,1,3,2,21.213565898779,22.4578516052315,522.4661577903323,1.8408185518780147
28,2,1,1,2,22.568529132291744,52.5489337488891,872.07200516574,2.5607301641128557
7,1,2,3,1,23.772632586157513,57.6201581151761,374.41281194655716,3.73378545264214
73,1,2,2,3,15.0654476704543,45.95061544637544,273.4087568380303,2.725024039656126
72,2,2,2,3,10.199575533168987,58.18263715435243,216.16412223779332,4.749303931932771
12,1,2,3,2,24.468873247098237,26.05729257479853,368.07345855119013,1.7296913086223615
34,2,2,1,3,20.713131986951574,39.09664757921415,802.0432783360391,3.422941412213376
33,3,1,2,3,26.722354064144977,44.07226935781789,524.4637286757355,3.568031935882901
48,2,2,1,3,26.427767258013887,43.269465896847464,304.73344332418594,3.7845484332202846
23,3,2,2,2,26.866523355757664,36.058471163561734,249.56649964877428,2.3948317816613507
62,1,2,3,2,19.701893199590803,33.523376374650454,399.4565288593412,2.775982496319526
88,2,2,3,3,16.672567916737314,25.072960902016753,945.9319355971379,4.452881853827422
37,1,2,3,3,25.8311640518274,35.669698022491126,408.7240413310219,2.1822996913955595
99,3,1,2,2,19.0258822605851,26.506432604219405,989.3116683591718,4.394037465106767
44,3,1,1,1,13.66884392806869,49.374627059688734,536.7074101888206,3.4692939801595983
86,3,1,1,3,27.099480391229488,28.3532374197836,261.2475264611358,4.167656289179288
91,1,2,1,1,27.651197535446947,22.342612211381354,902.0260826141584,3.9976257819221503
35,1,1,2,3,19.3261951228034,42.09464551268937,514.3198358213442,2.2262902338470765
65,1,1,2,1,11.51399454619575,43.80918930877606,738.704209154072,3.490844577518555
99,1,2,2,1,17.756521798338625,54.87652245122022,985.3404248882366,4.537031034817823
47,3,2,2,1,26.070753189252066,43.079264496707275,145.1578152879766,3.0124068288067525
78,3,2,2,2,28.035480570924573,33.81923414893783,187.02510380881043,4.883067695781609
3,2,1,1,1,14.069454849951917,52.12047526105282,748.4110673164805,3.0827528503560133
1,2,1,2,1,11.33947224050543,41.61115572749684,353.6425029659248,1.9997497283375965
5,1,2,2,1,27.547009062656773,23.17121138524767,265.8712572550892,2.8630213802718565
90,3,2,1,3,17.788098779577506,42.634022412529866,135.42569183775655,4.83095842236688
14,3,1,2,1,20.835219285351265,56.320741816866494,119.66204078758162,2.61902297268949
27,3,1,1,3,29.361316241015178,35.85250501992882,797.0370428078118,4.53834355953472
9,2,2,1,1,11.331294558284457,31.853032075992004,220.990084632595,4.584377385886614
79,2,2,3,1,22.96636014904191,25.7387782807208,520.9485543740358,2.725652835161864
15,3,1,3,2,11.482108451497341,26.057820877414294,645.3071336615347,1.7914018031772123
90,3,2,3,3,17.509378569330007,37.310859373672756,485.5166205119616,4.035952682055864
42,3,1,3,1,26.076290903868934,43.82719296646118,124.3959871026098,2.5902930465489513
77,2,1,2,3,18.669444655112688,23.22461620678407,805.1513523291179,4.240232649901504
51,3,1,3,3,29.94364707805901,57.58274356100663,109.46190208748814,3.0492919689115157
63,3,1,1,2,21.181185698932044,50.20534469780784,785.7009049397356,3.1984335981991756
96,1,2,2,2,16.42324305271907,43.464956731346504,903.9740444093104,4.222682923619879
52,1,2,3,2,14.402226518095063,53.13754683755963,489.55592895145503,2.8382716587156978
96,2,1,1,2,17.010410685723237,23.20747027248453,581.9882257880183,3.0509457086302008
4,3,1,2,2,17.450665475191016,39.07355510932497,529.2850533558884,2.8166666406936773
94,3,1,2,2,11.37427355447922,45.20372507446653,450.28775676109495,2.78569180347048
23,1,1,3,2,17.391483988535462,53.14611624473157,898.6820818333242,3.340813019155108
15,2,1,2,2,19.2847703947845,51.338782401970704,904.5401596029915,4.330798055754027
43,1,2,1,1,24.454755044776093,31.082769988535986,402.2347281773811,2.7661890917289806
29,1,2,2,3,23.134589694432158,57.63520678236817,653.5627786132281,3.3348915218820787
36,1,2,1,2,24.175313104583083,24.973833657234813,934.2168059312777,3.8475456390491027
13,1,2,2,2,10.167273637537143,55.005344744846084,965.8526490472163,2.4430380620627927
32,3,1,3,3,14.353347991610722,58.837609984184745,558.0631363798427,2.4713298171583737
71,3,1,1,1,23.23368576799713,27.086140928905024,507.54232475589413,4.766945944582092
59,1,1,2,3,19.679787363594944,48.88264256815141,350.82488433567323,4.03237100665881
86,2,1,2,3,10.106269513366918,21.611420751119937,962.984685871369,3.520153366781581
28,2,1,2,2,26.089892848636445,36.2169130055662,228.5328740255806,3.767020190472142
66,2,2,1,3,25.456191465806747,40.65133196790696,621.8466184429525,1.6025480508619643
42,2,1,1,3,20.968383259871253,43.225809036385364,354.295240766775,3.663360379465939
45,1,2,1,2,11.329266515525443,57.43748992994238,351.107461313017,3.283281056284707
62,3,2,3,2,25.330300990651693,46.89002749176779,464.47172863856963,3.410123879228025
57,2,2,3,2,21.674271754627277,39.251118048769484,998.9136422340891,2.7579833939078595
6,1,2,1,2,25.639199543159183,52.38700145063557,149.46967615583986,1.7851586419952965
28,2,1,2,3,25.03493984791681,58.02131283817636,620.6876363831783,2.1766873176421826
28,2,2,3,3,26.06004143915674,20.882645947291635,174.31494223174946,4.827606496244352
44,1,2,1,1,20.360161328092495,59.30085089024155,239.06874699146707,2.9304484679482687
84,3,2,2,1,12.8064903638703,23.445285562547213,495.6066475956088,3.1333910454080245
30,3,1,3,3,23.423149467593774,52.575471170750454,559.4141182117971,1.6844842644870366
62,1,1,2,1,22.409475701039412,31.2133901020565,332.9131675280716,1.631481803403932
75,3,1,2,3,24.845063743981743,25.28718631015487,384.8114177869746,4.010135064663652
92,1,2,2,1,13.397620121014706,37.5942255885534,178.27031823033974,3.3833313244238896
89,1,2,2,2,13.899503998005784,45.75826317790454,372.89780545982546,3.2804709447569333
62,1,1,3,1,27.80819034438657,35.238073800939,969.9025954424897,2.3509358564793406
97,3,2,3,2,24.999555969041417,22.18261633130796,950.2366435052335,4.106627560704728
1,1,1,3,2,28.16456977400646,43.97844558634866,401.3904611232865,2.0888280268797215
27,2,1,1,2,25.174306423278416,56.09613104442699,613.7685426508854,2.16477160281357
62,3,2,3,2,21.94310611980604,35.32861463789007,918.6358519998499,3.112492599718964
77,3,2,2,1,23.082654740557473,28.65331110523308,105.565440376807,2.501979517391793
3,3,2,3,3,27.782558478800198,37.703093837312615,829.6152133038327,2.366120434316012
70,3,2,2,2,21.57613509023881,21.934508441951234,953.5325975100271,3.758331755936661
72,2,1,1,1,22.647826486567748,52.81950337921099,182.19316090020135,3.7784011082649056
27,3,1,2,2,13.129534320072011,53.05363243800747,245.30291742962893,4.385809744299753
9,3,1,2,1,19.478424402322055,43.52001853718514,964.6716724942199,2.9619799844054153
62,1,1,2,1,24.327942239161978,34.124115557535575,583.7861292763116,1.755797818591526
37,3,1,1,1,15.418853966327308,51.99133457783134,112.77697102455133,2.457832347225102
97,2,2,3,3,14.045083610490698,42.187480991534684,331.86879888717624,4.9300191211888595
51,2,1,3,1,16.276536164488313,53.03729234200065,504.9493068419737,3.5869050133144573
44,2,1,1,1,14.83001255985667,45.25835170332083,723.618019922291,3.984079796803571
24,2,1,2,3,14.298252740727918,51.37621892851189,759.8443403231196,1.525752403688951
79,3,2,3,3,18.49701685736174,43.942519728710394,995.8793616329104,3.313720062638823
59,3,2,1,1,28.15677027767068,36.56564272862665,358.7600794453831,1.6313503013613109
32,2,2,3,3,20.141192934774367,58.3178343970455,584.3980916816276,3.4923057423200676
96,2,2,1,2,13.75840761630646,41.64455299515379,579.9911930736446,4.722697973726264
88,3,1,2,2,11.539433387617482,44.203580741621536,465.08073350251374,4.889466956751427
52,2,1,3,3,23.923122902758504,28.819505576589968,252.24570445817818,3.3919343638612345
62,1,2,1,3,17.655975288727756,45.02603157709106,979.7109068654582,3.1037168183827557
58,2,2,3,1,26.436618931707187,42.864305979317756,867.9854679999274,4.807559829869729
52,2,1,3,3,23.190215372815402,27.393535917880996,548.4997254648135,3.8576344119884327
12,1,1,3,1,25.92482901082737,22.38348389412575,642.9208804156268,1.7271474783844332
39,1,2,3,2,15.438920788368975,44.174372788590844,304.5349482036961,3.1300395218362413
2,3,2,1,3,23.84717844922116,50.54769077401282,589.4083633525722,2.340857564625064
3,3,2,2,1,15.281239693874376,40.93605483688033,725.4731198093282,3.1443151250703854
56,1,2,1,1,28.78136958900583,29.07090501278583,563.6503255479299,3.094129502022266
81,1,1,1,2,22.727485630667488,46.660879067721396,991.2566535264472,3.537506809851597
59,3,1,1,3,16.490236003506844,23.20422906438409,650.2074906229535,2.7486967162223794
2,2,1,2,2,15.390237245845453,37.67334819207818,433.87634133295217,2.0749465730957484
2,1,2,3,1,13.818531701432871,26.53467033593681,794.9368248542543,3.263018021064847
92,3,2,3,1,23.892819177874557,27.378362042395334,253.41626042347784,4.405710095210168
54,2,1,3,3,14.374312259958547,28.091757966328146,446.0642323356399,3.824042798236608
87,1,1,2,1,21.906065318549782,35.468282281759116,412.26305533982725,2.6842875307382554
96,2,1,3,3,15.292700538507146,22.046008224815907,488.6263855969995,4.7743305796560005
97,3,1,2,2,23.239378895877373,35.911737637163924,803.6018433358537,4.692726499372138
1,1,2,3,3,26.298794570810784,40.46829788458803,535.7557289470667,2.232719397844346
19,2,1,3,3,25.560504862893062,39.331771398653004,814.6130052393664,1.6379615479212704
2,1,1,1,1,25.217026618615634,35.31136401612162,618.8400128258793,4.094580479227668
53,2,1,2,1,13.754448113845042,53.5658643228301,407.8624911917998,4.396635914722037
44,3,1,1,3,11.767698939690375,25.813067696820163,828.9808693151252,4.887525980829743
90,3,1,1,1,23.97897656974771,40.22786975125496,314.46070349778245,4.614427379309087
32,1,1,1,1,17.366944275887025,22.481656678262173,301.94468181981597,3.601871688722452
70,2,1,2,1,18.646924528066947,22.846227155116388,554.0526316493522,3.355183187243333
32,1,2,2,3,10.62298185586782,42.95463398708385,334.76432136588005,1.597443679419052
68,1,2,3,1,15.191528985500984,42.64073699551284,108.1783314560947,2.3632975639567224
55,2,2,1,3,10.67352807748928,55.12134051377828,683.4677745689214,3.108651631065243
75,2,2,3,1,27.583715452024954,42.314947026402926,559.9844393251583,3.6997636502924873
56,2,1,1,2,14.867933664370609,58.391640816194005,500.9660330438451,3.4503814166144373
17,3,2,2,1,21.146743391460163,21.94779393599719,970.2716631564838,4.099225963885917
38,1,2,2,1,10.779586413222608,23.920307391229642,614.0792655666223,2.479184258104643
24,1,1,2,3,23.33694782611316,21.762634462815257,877.088420010446,3.4773341267836564
69,3,1,1,3,16.460546915081878,27.4110740133416,225.50521258464414,1.8084978518677723
98,2,2,2,1,27.958383739153316,41.65080443766712,612.285816816485,2.9478293325412244
70,3,2,1,2,27.762363778680715,45.82288725709712,881.1816640578126,4.125562915341104
86,3,1,3,1,16.505812367234956,21.823406317946752,624.7951815519082,3.926902987001654
11,3,2,1,1,28.019217913809356,57.83883559382397,746.2127603143014,4.967249580102626
16,1,1,3,2,29.923153469975578,53.68661506601524,434.83921103098663,2.4726189409571457
97,3,1,1,3,26.508313282478962,31.864499286283724,183.20456533335994,3.243662547108927
73,1,1,3,1,26.897426955104578,23.08750120905872,512.1102656143643,2.6533564482089886
59,1,1,2,3,14.980174722181799,26.79548292876229,455.0314517549718,3.0421108992071115
70,1,2,3,3,21.534047977155126,25.077776550198905,880.3541641410526,4.499325454542858
80,2,1,2,2,11.345118279347357,24.931351171957875,319.595772117225,3.894731763159703
93,1,1,2,2,11.898358736433394,40.742467546629356,970.0608047815973,4.588544169716537
3,1,2,3,3,29.97785224066581,29.833897699736013,962.3243078240465,2.2122888791616027
20,2,1,1,1,16.53278498851822,34.32558866116578,322.8684787642948,4.556763912445033
59,1,2,1,3,24.963678240976925,59.580213335372896,413.24675992958845,1.7091679596243454
36,3,2,1,1,26.13330106053633,47.372569957013795,906.0001667864965,4.610097481530033
19,3,2,1,1,27.160465420144583,57.959226681880054,969.9599988064967,2.6517582281125476
90,1,1,1,2,29.95256594804313,25.702262201324622,499.09519255243964,2.6010567169492327
67,2,2,2,1,14.829929705137356,35.28557899330277,388.89734107680806,3.292310018445324
19,3,2,1,1,10.807016537193995,42.189272131294175,573.4846119263879,4.792415657031311
20,2,1,2,3,18.22383035989172,23.07032247554952,718.9922857291613,1.6672347763849187
96,2,2,2,2,12.601613396578939,20.167497745118315,346.12706383748184,2.7328084127476084
71,3,2,2,1,10.448517783241103,46.8173733518767,762.8258571571655,4.498001960391675
52,2,2,3,1,17.208536542829723,45.672780672057414,146.49162140317694,2.8861906710241336
33,3,2,3,2,25.67476502150473,36.43155239998447,144.3650434879748,2.1970491415897344
40,2,2,2,3,21.323613824501418,39.585763041281304,447.6589346309907,2.9867796346599413
39,3,1,3,2,16.25555978420708,36.61772002368359,418.12587285464855,2.8494337552208426
82,1,2,1,2,23.086840109854393,20.960201793795555,384.069893830437,4.7039567051334625
1,3,2,1,1,14.640363606176214,33.41486424869849,541.917786402019,4.166770315100839
11,3,1,2,1,10.287628921441701,27.083290215891594,388.6602240804141,3.2679044451040222
92,3,1,1,3,25.287067728728548,23.93696756405475,273.0321266212827,4.959296983525499
57,3,1,2,1,22.474861697280183,58.268817355573994,378.52259417974085,3.1284713594657316
89,2,2,2,1,25.2460524900192,43.974389001686625,977.4138455292115,1.7038324078709632
50,1,1,1,2,10.778760333753311,49.14625136946411,470.00207529536374,2.417960126352447
23,3,2,3,1,26.742392556613044,32.6145497306447,500.2414991725022,3.026246680767594
31,2,2,1,3,22.390524000726067,35.72588517976061,618.890490956026,2.0491591845114203
94,1,1,1,2,21.267907014252803,29.47695975586894,985.0066915728039,4.816477942134151
42,1,1,2,3,22.492280962290632,23.878626838616988,317.4411487921867,4.183971142362205
99,1,2,2,2,27.288664937367283,27.16126549766335,713.1538994791904,2.4390052014972046
7,1,1,2,1,21.73873013117814,51.90056181185943,744.3862241875516,3.5678158673127056
16,3,2,2,2,21.619007597763584,47.10183220735104,646.5919751137593,4.0250720498835015
90,3,1,3,2,29.813583141315316,41.87715503941908,179.72050567297967,4.794476251173792
60,2,1,3,1,25.13460334137136,39.00359491467072,709.1850482448189,4.585723722113937
2,2,1,3,1,18.845876109022704,56.89737134624498,157.68523993255792,3.303172791483748
1,2,2,2,3,24.147940000658554,22.909397911146737,636.5283845949073,4.211284169275562
48,1,1,2,3,17.78460943383577,31.224032529516638,765.6230594995684,3.4675066383965474
12,1,2,2,1,14.57750924966998,33.997514142828564,289.8729015579554,3.43446361515939
69,3,2,3,1,21.937037537755188,51.29703248851151,857.4598067884966,1.9015968541836716
37,1,2,2,1,28.56364196227903,59.70058480647885,127.31842497970383,1.9414818030565322
32,1,2,1,2,28.582790400309253,29.626820590286123,859.4315772924755,3.353367652578601
9,1,1,1,2,16.838105562109806,54.972293365483225,514.2961455784886,2.441015407426523
99,2,2,2,2,20.5535493244339,53.22491041727165,295.82914593848005,1.5736291586116402
19,2,2,1,1,14.232717971397225,28.986295905670666,220.40033049457122,4.029937213650743
48,3,1,1,3,29.912622189977668,35.973303207968904,957.9764508241353,1.6137030884155774
80,1,2,3,1,29.622358157358715,36.386914771700766,165.39902882304102,3.583468943864191
3,1,1,2,2,22.990178594148947,59.12882674106233,279.1840779423331,3.3871782794456005
20,3,2,2,2,26.088281193549467,27.235676055155935,413.04011268974136,4.890851417022315
24,1,1,3,1,24.302003225674,51.96631884419128,658.2113640650084,3.194745987716746
54,1,2,1,1,21.863164380789364,33.36770856692439,590.3209767484885,1.7226050273222908
33,2,1,1,2,11.066959939777954,49.23481383104642,213.0791431710826,3.4309078873226158
24,3,2,2,2,19.09528685105322,36.800440171826516,360.7551853643932,4.443836597156356
75,3,2,1,2,23.49572604334821,43.1343905246616,314.87659397742163,4.98897249498504
72,3,1,3,1,23.550632277673692,53.304470933045245,292.18856904130723,3.0062011079117537
36,3,1,3,2,17.46245236844767,52.166622599355364,470.02990283198835,2.6210455987385988
38,2,1,2,2,28.833839733160612,54.65692734158801,733.6283073324912,4.673286539331996
84,2,1,3,3,13.347140644735621,22.38469301378636,295.70763899551235,2.169347451766425
99,1,2,3,1,20.00718892431121,47.682022121589796,430.0109917326833,3.6540012026152433
89,1,2,2,3,23.817679531016456,25.599495068870514,451.82568415704606,2.920000484633317
99,1,1,3,3,23.942716117836184,36.63274272073644,978.8108764918692,1.6437882773444434
25,1,2,3,2,22.97277913537631,41.943536602187535,959.199721191162,2.715509660069942
93,2,1,3,1,15.505764269037204,36.10957938987323,820.1238244768683,2.428299828759361
18,3,1,1,2,13.124131373732439,40.784467032120304,317.4930287372666,3.901319038802204
82,2,2,2,1,22.718806536534217,59.861052351944764,161.2335826825027,4.820766741921713
66,1,2,2,3,21.986042322788755,25.40869254851419,385.2137239485623,2.4381651558252324
54,2,2,2,1,13.587120205784819,47.018241813457024,340.11509449044775,4.340130787030886
35,3,2,1,2,24.102782911411268,35.84003865542461,555.3332201317545,1.6937593592844333
80,3,2,1,2,19.10343983467313,25.32039195629315,799.9551190610138,3.383423535139346
61,2,2,2,2,23.35521183206306,26.349470534972383,872.4906449909722,1.746925222984631
41,2,2,1,1,26.747341595403014,57.97092424982468,860.3776768694577,4.769115468957238
100,2,1,2,3,13.394568571538464,55.184059868470484,423.708005100761,4.182229481950866
33,1,1,1,3,10.382897359936734,56.281678416600876,718.5109091146146,3.8028246892160733
68,2,1,3,1,25.582051727915736,59.66131103309546,381.55077777179804,4.383637335686325
33,2,1,3,2,22.19394850305232,28.332615600340716,154.81498891166444,3.766319284495571
14,2,1,2,3,23.992791392442435,34.21757349456247,731.4087390426481,4.891305390110019
21,3,2,1,2,26.76309949977285,46.76876119699467,108.84479731280906,3.9988528175267004
48,3,1,1,1,26.05621869649001,39.35210159442589,468.2643287126397,4.736305133537863
20,1,1,3,2,29.218402938576492,36.73558133513334,396.44134237186813,3.309961622037233
8,1,1,3,3,20.718701577042363,34.312449973423725,724.0397846669672,1.9097254454365193
7,3,1,1,3,19.769912653198105,43.75122527773809,789.620925484341,3.3486220249805596
67,3,1,1,2,18.0377439978146,43.02373714560328,373.68517237415546,1.9440548982208266
17,3,1,1,1,13.07382085688409,26.458313362569605,830.4643130003682,3.5737271771174175
33,2,1,1,2,21.45214465764045,38.869593500737565,364.5250844544404,3.1887257118468204
48,2,2,1,1,15.540250486519575,42.138871048393995,501.6937239879051,3.679013892414736
76,3,2,1,2,28.42615024425951,42.81147754925562,754.3166743127206,1.5351644336919106
59,2,1,2,3,21.663816085541953,28.40428771649407,723.6282063023098,2.181941720793774
86,2,2,1,1,21.856803610162203,49.69085569009147,988.63162508098,3.219656511692458
22,1,2,3,1,17.098493217540202,21.007963792842787,302.64492179433864,4.826762465561972
30,3,2,2,1,11.039787039554149,34.193274221726504,696.0861221856242,2.8426316412430546
38,3,2,1,3,10.634875307459772,51.208505941425344,648.7137174481996,2.9853020911877213
51,2,1,3,2,18.466702883063952,42.55571684221609,923.5886090410269,4.001436311523177
54,3,2,2,3,11.691307561944758,30.44649730043441,240.72592748038755,3.6132746505014133
8,1,2,3,1,22.136939110802782,47.79812477372191,776.6183472282397,2.5462415253441666
27,1,2,1,2,27.61946011279315,42.69563776624294,611.4417546418915,2.937857384485997
27,1,1,1,3,27.658296330374444,51.84974437825549,347.19928280911483,2.2619492960003136
98,3,1,1,1,23.18090820264465,49.40100744759293,526.9914227324566,4.88107510695573
21,3,1,1,1,14.22463662945862,44.40431688144939,400.398937362818,1.9572203354507591
30,3,1,2,3,27.259936627177442,39.52710701243256,621.3820625096148,2.8014287459824683
97,3,1,2,3,27.721868706264164,25.327285026700935,900.1005497331993,1.590436402770039
28,3,1,3,3,13.933071699059173,30.45332071541535,612.3744859709818,2.276228221767412
64,1,1,1,1,24.748521715413546,36.76397891668341,668.5501764939256,4.231648984330542
97,2,2,3,3,15.73039097854246,43.97197148025555,566.8730624032385,2.204113313011078
69,1,2,2,1,26.052806247058594,40.5483142086122,146.0489558009283,1.7802219088513795
61,3,2,1,3,29.944757998072053,31.52738103838118,309.5727011884848,3.1605861294558313
48,1,1,1,1,10.600520106587856,20.258574311588422,542.8015564888744,1.5348923215708148
19,3,1,2,1,27.947317315818637,39.849568876032556,379.2117553702343,1.796681540492166
4,3,1,2,2,22.45261067197316,31.425039542489724,263.5872379850748,4.326690543470413
35,1,1,2,3,29.467652383296425,49.384332028421404,553.7195577265945,4.200156707008622
64,3,1,2,3,19.300190350528553,20.95785061081934,390.5288141030653,4.702985871417136
49,2,2,2,1,26.947758611427474,43.393112452231634,332.29687885607325,4.490804025687623
17,3,2,1,1,11.247881371965544,57.65896950024262,517.5868756963428,3.8911144713393635
44,2,1,2,1,16.705581001565914,26.97637068445998,219.95583227395582,1.68316500055232
92,2,1,1,2,11.3403307550242,38.865979630023816,934.9711597678665,4.239970162953301
30,3,1,1,2,29.50686266958141,23.656879672685527,880.9318881273151,4.459287837941962
93,1,1,2,1,26.339478145436736,45.027276490454106,736.8585271664817,4.29678751020184
46,2,2,2,3,27.05094842491941,42.02126722384902,195.5924448296106,3.279676623578091
6,1,1,1,3,28.759304628677885,36.29462096851329,798.2895290227237,2.315156435273186
99,2,1,2,2,11.702069722395708,40.85508085894965,827.161595298117,4.458654914910543
37,3,1,2,2,17.711951850266665,55.86298633876041,790.9881559429039,4.0450698340904845
24,3,1,2,1,11.420697780880042,27.85177209244268,202.56929840731704,4.932664110360981
93,2,2,3,3,14.215862031000572,20.90258046821389,679.5171613609882,2.044924092145765
46,3,1,1,1,14.587315540753448,54.46659538796404,850.8923161744586,2.2898260406821924
53,2,1,3,2,19.382144220951574,43.08468329551626,619.618061097701,2.2412935245852594
95,3,2,2,3,15.371243349072852,55.6263382184737,681.7666377052801,4.273889186674678
99,1,2,3,3,12.019562136355223,43.877808936526904,512.5271314836755,2.1541755375754135
60,3,2,2,2,13.349821781882154,52.4064435983881,575.8365878956474,1.7333094043815713
97,1,1,3,1,12.945511271041818,37.18693453420592,130.9391725165527,4.9949628230497005
63,3,1,2,1,29.461535958245967,49.99439725153075,675.0667197759561,1.586860240058022
85,1,2,3,3,25.185850138369474,56.52165867559424,173.3024916020433,4.423354210556029
32,3,2,3,2,29.35522930539124,42.88491854888825,491.51313490620106,2.7787839454272847
87,1,2,3,3,18.79480973015817,27.231406022495182,363.38958790066704,4.445654109152354
33,2,2,1,2,15.567369633253133,30.751904601207926,590.8851551905418,3.4411717192390077
67,2,2,3,1,25.965863944183734,27.94578307589623,220.0747019708864,4.6557093032022605
18,1,2,1,2,16.525078360822935,29.87428110382932,722.4790617759863,4.741675452451194
25,3,1,2,1,15.987667474106965,32.256617974041454,815.5103832356233,1.531843634482716
95,1,1,3,2,14.650119844156624,42.20535147012754,247.01900476884083,1.7639426159747589
54,3,1,2,3,12.593579564484706,43.51966517855331,193.88177861669396,2.376255553497994
58,2,2,2,1,15.12926122033532,37.05998988967444,230.96393450862323,3.8426039572722557
67,3,2,3,3,17.106394969477755,44.616831192833416,889.4148057086516,4.608952687790271
46,2,2,1,3,23.47988416291461,23.262997024454638,575.3703355807206,3.10979682952887
24,3,2,3,1,11.251296844389032,23.5115294823264,520.5348964067523,3.624405906959929
32,3,2,2,1,14.210138793306859,26.873178414306338,196.04063719211885,2.159749484784464
47,3,2,2,3,26.180472805833528,40.723099921613795,684.6004060812656,4.317383918585898
86,1,1,3,3,12.938438471675415,28.559787147932543,881.1996327055809,4.885648389737144
23,1,1,1,3,16.85290293045043,31.331376139703092,845.3672823911077,2.440096265201091
66,2,2,1,3,27.2931784371628,36.01251344691976,663.4492380827212,3.231890830601912
27,2,1,2,1,13.098506222868853,52.47464496041519,167.75084498650625,1.8014063867723082
2,1,2,2,1,11.654736712363798,20.554485436514405,201.15732445841167,3.456978297620389
90,2,1,1,3,19.690759901600217,45.975152809464895,144.3780883988422,3.2597420464633817
17,1,2,3,2,16.048390225570728,46.755061241627416,331.7312948432224,2.0055276945427716
33,3,2,2,2,21.26816728967708,51.94623121426546,222.09532044433996,3.0472317459132627
9,2,1,1,1,26.076097809669502,57.31011756241253,334.0432362271905,2.6693662823029713
43,2,1,2,3,12.742969763054862,20.80551395797159,446.55225014706554,3.326408063568163
48,1,2,3,3,21.613981691085698,26.151348220528646,948.6845056640221,3.549790174000797
39,2,2,1,1,20.110175207797276,55.446851762239724,649.3384538035228,1.5297345251252332
93,2,1,2,2,12.881575720263992,38.34074248748061,851.4764071146661,4.163520940323444
42,3,1,3,2,22.47996971057965,42.583625557338536,739.316350641099,3.9955500215160926
26,2,2,2,2,15.472808357215433,46.5210881489259,201.25281747396858,2.7820023517228276
99,3,1,3,1,19.75668637088025,47.1626641798255,762.3283657365539,1.685275774490864
50,1,2,3,2,11.645446485541237,57.26961613266033,347.588993403212,4.142263889247676
25,2,2,1,1,19.19168114427246,59.87797669646679,675.1970622952357,4.8431130616734634
24,3,2,3,1,16.129269360856405,48.80629843723761,406.8657762786897,2.34053058607705
13,1,2,2,3,26.447624223707088,31.488848368206032,997.9050369381932,2.6323361480796326
60,2,1,3,2,11.139574539947365,55.190096091773746,337.19633154710004,2.1433451131863523
7,1,1,3,1,18.3721454983666,21.968836581630462,351.21742369684273,3.5192764317069387
57,2,1,1,2,19.168628482628762,29.24323411497985,937.6050300061585,2.041944881266092
36,1,1,3,2,24.500121525982372,55.89542869854859,122.1799641726904,2.746678802114828
45,1,1,3,3,21.48575150180422,30.247660577574198,727.0200890858772,3.9395455487699205
20,3,1,2,2,23.344246743883623,28.82604238486994,752.7937516622903,3.4604059405327194
65,1,1,1,3,25.540985713035123,25.52501172560989,852.7407196693594,2.8526189751477733
8,2,2,1,1,27.244059473163777,54.36447030587666,976.9953795746278,2.9708736063263967
16,2,1,1,2,16.277509934449412,40.00233036764347,978.0417272409871,3.4673880891813034
14,3,1,3,1,20.760454107278058,46.99572812216619,158.7490818098175,1.5205265476050647
76,2,2,1,2,26.802161568783998,29.562655363001188,839.6553904776123,1.7747845395876345
87,2,1,3,1,29.78902261930113,50.321616840448655,681.6789402916432,4.584403237170541
15,2,1,3,2,27.790386220875263,50.40022179848394,682.6079209357821,1.7725764618195177
92,1,2,2,2,17.429345252487536,32.503920996332006,215.51493395322532,3.973812586736768
98,1,1,2,2,13.903330344373009,36.427305320411314,685.168449801088,4.720133574381684
66,2,1,2,2,19.787850748131774,28.387611097208033,984.234322541123,2.4473926150560588
32,3,1,2,2,24.832829036720845,59.062440932916175,920.6367125855022,2.7967200297083
87,1,2,2,2,19.85138141506595,45.824103082336464,495.2175947243655,3.491224920456507
63,3,1,3,2,19.66361726627337,57.38175522862062,135.95317595748492,4.585981393735047
86,2,1,3,2,26.764608421636012,32.13542174516533,426.06414100018435,4.796669555411471
51,2,2,1,2,17.228075581343727,51.27563651987559,843.7512804404997,4.088471368389438
25,1,1,3,1,27.195893496232912,50.63434575538968,731.3491913186494,1.803169162991429
58,2,2,3,3,18.136096019034472,47.666226074661665,513.4092900345607,3.842039544371978
63,1,2,2,2,16.56466211356679,58.62555901067202,149.591381642948,2.9360630265543173
62,2,1,3,3,19.07979822399398,35.74221344425262,484.20525504097236,3.1474534982187157
22,2,2,2,2,25.24893917349737,25.228692943590293,522.1224457460951,1.6720193662081195
58,1,2,1,2,12.520040557279886,46.86835436976243,935.6999796047223,2.1687174877122537
58,1,1,1,1,13.928384317440347,49.17239201908825,676.9774932239435,4.266797626367767
86,1,2,3,1,29.028896513261838,43.00242293835259,380.487624989184,3.0888559156675095
49,2,2,1,3,13.509832547627148,28.27271572533585,572.7864380056492,2.5558178457090213
52,2,1,3,1,21.354546358621093,40.178237666774216,159.44977703994405,2.8440667588773536
42,3,1,1,1,21.586289333238756,32.48758946276517,975.3114120847631,4.4903982966398805
70,1,1,2,3,19.792489241004894,37.098661126667565,424.05391173765344,4.121496560917349
15,2,2,2,1,22.89490497153637,45.808743033786556,530.0806194218222,2.45310389013379
54,2,1,2,2,14.596534515952369,49.80858970763338,419.75557681323033,1.9112564407433066
60,1,2,2,3,21.053245355534962,29.288987636053726,714.2605571045801,2.381993775754251
97,3,2,3,3,17.443465104937943,36.213014425878136,696.0089424966337,4.722647578691568
8,1,2,1,2,23.23334519258378,30.766462839665166,743.7900794762221,3.5355609324741435
53,3,2,3,1,12.824470867462988,27.945264554474765,341.32890665072875,3.36718073060674
60,2,2,2,3,21.417548336789523,51.335488799833534,384.1016330476594,3.587377598923615
5,3,2,3,3,13.705407107666474,56.370107777479696,212.72610798658715,2.7810989301128033
68,2,2,1,2,15.572861262300728,34.80928742738307,689.9589746615013,4.324874571118295
6,1,1,3,2,14.374196006471664,50.05115697495067,135.8174146020873,3.3315018725508745
96,1,1,1,1,13.656755597376343,55.87981157457644,637.9141019711132,1.9086176596907845
94,1,2,3,3,26.51421903121334,53.84496842120926,882.7262963664705,1.9517279369017204
47,3,2,1,1,15.714151353217806,27.312535541569037,901.7489334606702,3.379007012759164
99,2,1,1,1,28.542475637288987,58.251675260534455,504.1339843329655,4.777995763247937
55,1,2,2,2,29.398530506903818,35.0670576171785,513.3733193917665,2.579232425866696
40,1,1,1,3,21.42520939874195,33.56962644695345,169.27226470721564,4.543394091007264
52,2,1,2,3,12.860022453314528,22.49725309111121,703.6885228987321,4.174334553026078
16,1,1,2,3,17.490964867591625,39.446946164195325,839.133478335561,2.3673435501741737
13,2,2,2,2,25.95464526696428,24.360544625637147,320.1895491442417,1.6271926191068486
30,2,2,3,2,17.34781457394141,29.94159283709704,479.1707934700282,1.8564654279983395
19,2,1,3,2,11.740344366055774,32.67770487069126,854.9554030887433,4.049728768466041
17,2,1,3,2,21.13569821856376,52.353052939667364,889.4084208960592,2.1988440831422635
63,2,1,3,2,26.902417029920695,55.01954601583586,318.8619822378033,2.7994482217688783
19,3,1,1,3,25.918527742870047,32.098652698458785,595.5135710872278,3.255947081022487
92,1,1,1,1,13.502462802607065,54.347924849782956,273.2438355722444,4.03913858957557
58,3,2,3,3,23.455292288249332,54.28923749479164,191.69088772560087,1.8963092814069389
55,1,1,1,1,14.410085268712942,50.58603801539494,920.0084512527618,2.922282418471115
90,3,2,1,2,14.364150691043445,25.86780456060726,838.4567538088983,3.197755181999434
90,2,1,2,1,27.481435466103704,47.61291387602916,784.0314116228565,3.3928947239003886
62,1,2,2,3,14.993379054804603,57.80096258322275,143.88968693182636,4.364262244883259
23,1,2,2,3,15.264946930360225,47.30161915068628,859.3559134392317,2.100873682651259
9,3,2,2,1,10.013067815225991,33.26467396431336,494.23966831484535,4.327410081393178
12,3,2,1,2,27.413380682510354,40.02317269723325,408.1556109662737,3.925074496938283
1,1,2,3,2,25.851896264182695,45.829001734042144,591.8287249228388,3.4455478496963576
58,3,2,1,3,22.54657870181356,40.42281634914014,182.21791845120026,3.9483475464090017
1,3,1,1,1,25.005315278776845,24.798117669238792,780.981894417159,2.9420620863307976
34,3,2,1,2,13.040971348489837,32.48256178608082,624.1915691994662,1.984391550888436
96,2,1,2,2,19.16647189175151,52.0958412221453,267.93108718585074,3.8301783409287857
48,2,2,2,3,17.02438774697562,54.456721843820695,269.40897979214105,3.336353073399678
89,3,2,2,2,11.87553052514033,25.49200130862281,265.8237864154068,3.7378118018997144
1,3,1,3,1,19.72260970429848,58.09547009594898,151.3021487967406,2.682995733599715
16,2,2,1,3,28.414793006852708,33.15290471394437,629.0186044345163,4.674033020689426
61,2,1,3,3,10.80118238101389,46.4925495492288,856.3133598296573,3.5557945400145194
64,1,1,2,1,15.829218269875877,50.07300583826725,115.74839258864974,1.7989086950180584
63,1,1,3,3,14.15081872411407,52.477849385515334,144.10418047414618,3.0743139674655002
69,2,1,1,2,14.762933073313926,57.82998808903721,615.4932490182513,4.14724619160272
22,3,2,1,2,28.168691037587507,32.516781921152905,837.5461168474471,4.279470966062953
93,3,2,2,1,19.361381084685803,54.34025818206218,394.0650015117702,3.2310896846731554
67,3,1,2,2,19.325988258796375,25.26747613744828,414.65295892694996,4.631616497909554
76,3,2,3,1,25.211512849105645,48.20163625414371,636.7118477470983,2.436839530180041
26,1,2,2,1,13.089844080098516,49.679109180559436,346.7916002117323,2.937095440333933
16,2,1,2,2,19.745307082001016,47.10892964805282,123.94752946991572,4.645089186991395
51,3,2,1,1,18.599704282421193,30.09258944540612,761.7056662914365,4.6368985076505265
86,1,1,2,2,21.93821381093312,54.921725880608136,663.0849216473079,3.899994690886383
57,3,1,2,3,29.99115406500877,26.7543385348158,622.6803991500932,4.50643191492777
29,2,2,1,3,25.38897788164094,22.145391660833234,767.5157160926408,1.8107064343468142
78,1,2,1,1,17.957314060348544,48.698599624476486,707.7077538058337,4.527482416727217
92,2,2,3,2,26.55106104548094,39.019028609309345,285.29378936048903,2.6221696729257937
69,2,1,2,2,13.414167266249603,53.96392079834704,417.23294224901605,2.124160293498757
47,1,1,1,3,10.609273726179202,35.335885642330354,213.4991275107625,2.3377944271971622
94,1,2,3,3,14.08896744928546,26.731143540308512,216.87131207609292,2.9628897780486048
62,1,2,3,2,16.808231122285193,53.457687698794786,708.5761717208853,2.3791720161156356
69,1,2,2,1,20.211615149191196,41.95638526560287,872.7400962842484,2.6219865510577467
76,1,2,2,3,22.302582810823996,27.567831695614196,966.4593254750251,1.9724247012507474
16,1,1,3,1,28.212114344288434,48.81535994345783,665.5124057945,2.536618679456495
90,1,2,1,1,20.197080191009153,40.44454553958002,265.69119102486127,3.502993350897004
90,3,1,3,3,20.025512892514588,44.172519289612794,195.08531090403764,3.0464879783187238
48,2,1,2,1,11.004860196459642,38.43593352826328,831.565874383082,2.713515664325689
85,1,2,1,1,10.698231053124477,53.148359352720256,620.8808287239993,4.1125824509998985
39,3,2,1,2,21.023199238327443,53.182508627321994,656.4565189123479,4.627284899876613
100,3,2,3,1,18.76357226496689,48.37555287297545,803.3158798792383,4.148762280158389
33,3,1,2,2,26.783607899605972,24.21605509585849,732.9495049592065,2.662002457411877
94,2,2,3,3,13.213591694236904,53.55415447616275,851.012427570487,4.105547587431438
23,1,2,3,3,10.499433242340992,46.84051922131639,150.59251491389062,2.0319306386591793
10,3,1,3,2,18.980775358602518,47.88096664017198,772.7685730718543,1.9561129583195183
69,2,2,1,3,14.74957113504515,34.51931361615486,865.7674815898858,2.709694629626556
100,2,1,1,1,10.992287466776748,55.17118224628027,357.5215382124829,4.3269582916542
34,2,2,2,1,24.49196573695258,49.0148640093943,676.4025465939276,2.3622188653480567
52,3,1,2,1,12.23185999914495,24.503618661167778,382.7458574532749,1.7213869311453784
95,1,2,3,3,22.166390000155435,36.311121376246504,962.1739598342086,1.9609833732222428
10,3,2,3,1,15.620995003337782,55.455214478405665,130.0812151919534,4.50560738985353
19,3,1,3,3,13.46992100710044,21.88786806789516,621.8135594496596,3.718241496615507
58,1,1,2,1,17.595030458386347,58.45666478568198,249.85319234456358,2.3862040717949182
96,1,2,1,2,26.028915524459073,47.16650273278251,740.9981846594428,3.443535388648635
1,1,1,1,3,17.841871538091453,45.255039105735065,258.3012550767959,3.3465286784887263
69,2,1,3,3,25.015392984221116,30.822370259519655,311.8449357085218,3.7940259245423142
4,1,1,3,1,12.509725935983013,29.95167154956708,544.9337299411823,2.316156440475657
16,3,1,3,3,25.45542839330158,57.682328779543816,923.3514549971903,4.525410455180392
24,1,2,3,3,14.738666498132973,31.93089816936491,290.5429349331738,2.582789967280045
80,3,2,2,2,23.547862597777456,51.02021186875997,229.81601900629317,3.929460788916829
2,2,1,1,2,21.315631096819928,35.724871928283164,783.0791486686276,1.5564362623027521
92,3,1,3,1,28.582894344233747,25.57016283138816,550.5575791005379,2.8042999546295153
32,3,1,2,2,17.74645035950628,20.428611907814357,920.6066011435943,2.7309843628558292
91,1,1,3,1,11.323303776688808,41.770293480610036,231.95310144385806,3.4021955000405506
84,1,2,3,1,10.383109711025059,59.03115274195731,681.3351037207354,1.7545769162201879
24,3,2,1,1,26.53717121945506,34.765447752368175,309.59123153663353,4.2654598080413795
12,1,1,3,3,20.494712753228644,34.28769335972179,241.08438578647537,2.26223280618649
50,2,1,1,2,25.504881036698986,33.76366471397768,715.0864736415434,3.8696323520870357
35,2,1,1,1,14.688512000230293,40.82175349219433,634.3161579178599,4.3112424313543265
33,1,2,1,2,16.901674910264674,37.62659533697175,779.3447125260981,3.466569346845296
33,2,1,2,1,10.602077444226378,55.19658506908058,378.5163188015641,4.093091223526949
61,1,2,2,2,29.229846491482242,40.22083166893961,503.1744907439709,3.816511092752519
51,3,1,1,2,23.357358134016266,40.31031352754275,464.9245086973766,2.7443542900320264
43,3,2,3,1,28.664101755186124,25.534863788822264,985.6805175698628,4.331004886617478
12,2,1,1,3,15.309928148581447,59.30958163641544,363.0240610654491,2.531454794599348
67,1,2,3,2,22.229272224513217,29.99891563475319,365.3355145120902,3.49924521213031
65,1,1,1,3,23.569999365852755,22.934562698384106,419.09338794574666,4.108892086995388
33,2,1,3,3,16.35099400515177,46.525849959008355,608.1346731612894,2.8263456843437766
40,3,1,2,1,26.9621847003126,43.8146548062749,327.09046983737073,2.5596866266609877
74,2,2,3,1,28.943229258004955,36.60582615970983,923.7609463413465,3.1077110356048796
43,3,1,1,1,27.697102353920087,36.887689355227124,339.1170083796371,4.362872230222038
44,1,2,2,2,24.78133951878745,51.40255684185725,906.2341584041752,4.7547261710098265
29,3,2,3,1,15.54929359449908,27.828505603985963,193.1275572819262,3.4077919450096155
13,2,1,3,1,15.632320842112634,52.810132757795586,690.906432159687,3.8151317186327813
12,1,1,3,2,29.267206408920757,45.94988455580072,916.2869665944194,4.6614576778362
95,2,1,3,2,10.20568991871384,36.75879095118098,251.87449455840658,1.8449139799452983
46,2,2,3,1,24.32099946484289,38.321144663354744,971.4942640893295,2.3122750225315776
2,3,1,2,1,24.124923251105244,30.265888287443833,507.59502437396054,3.9811500218805387
35,2,2,2,1,22.453790818995948,50.08457330787899,951.1435975969221,4.383105616693049
87,3,2,2,1,29.802176921737317,40.51498969221071,709.1380392670422,4.499601599157023
81,1,1,2,3,16.237588715274505,32.83418170999374,371.4281828861964,2.952875118992264
90,3,1,1,3,16.799437275864964,43.84200463043801,269.4722724253958,1.812689658021534
8,1,1,2,1,11.57878805893111,59.82937808205292,373.36154160258945,3.0322351705486694
93,3,1,3,3,18.85596273087475,37.41049118626215,183.71566833640748,2.307571065724688
26,2,1,3,2,15.220970524696963,56.827656031144784,229.4811697089968,2.5191875924881844
74,3,1,2,3,16.867734043552886,33.80067359698265,194.19439631183303,4.20293644893127
90,3,2,3,3,26.691435805112555,22.189308276999434,480.64918936740196,1.764344801090604
34,1,2,2,1,28.709690270549913,28.169684254737156,816.0205386318278,4.396534261182458
7,2,2,3,3,13.714661440103713,36.74780573310737,227.24519879470617,2.996841800384592
68,3,1,1,3,17.450178631069317,28.78539714378276,217.2883898551023,3.586223758852083
58,2,2,1,3,28.572611242307882,20.00908152873022,679.0860545655977,1.8137828093248765
75,3,2,2,3,11.236169213784454,56.60006150990109,277.4646837712596,2.6807567742504785
29,3,2,2,2,11.84721056222757,53.75517644923716,187.84903429809245,1.8139532165519603
36,2,2,2,1,13.255819784124586,49.69168925947788,250.16372038501987,4.8654030300838835
89,3,2,3,1,21.904256682537493,26.712583825841143,931.3582562890984,4.325415772641877
21,2,1,2,2,13.009445420119949,24.814543048399443,839.3241274985718,3.108714640247611
36,3,1,1,3,29.36152762901467,22.704189978895325,418.65810611958466,2.2826089191328487
10,1,2,3,2,18.934290545170406,48.96116755091685,690.2386905946536,4.767092868374483
73,2,2,2,3,20.03035920700333,57.15231842751541,583.5481063012343,2.706088085044401
24,3,2,3,2,14.93317231610813,37.22143283652148,709.4118371343076,2.0634455109058116
64,3,1,3,1,19.41920504869467,24.765626879841925,714.4040372164834,3.471075359588842
99,1,1,2,1,23.23827265274023,40.49571282928426,665.8606135539936,4.803209421206857
49,2,2,3,1,25.023542739080856,33.9532762983452,339.4912316835777,1.513406016751129
99,3,1,1,3,25.07736165419826,34.99299697399991,135.10577868653633,2.333436951388996
36,1,1,1,3,21.557822253881767,44.85322496622829,510.01010379109795,4.784566741436427
82,3,2,3,2,28.087195499877144,48.74872453048809,901.8764962216335,2.098800884000067
96,2,1,2,2,26.348156946122188,24.424143954926436,612.5475326667183,1.8963520807393695
24,3,1,3,1,25.140962293972507,21.423609232259054,849.1519375317172,3.4956552552993156
23,3,2,1,3,11.112110433609212,59.77321210742859,992.4619086651053,4.516453381531905
62,3,1,3,2,10.137559244392985,29.309133956622073,247.25458372444865,3.1698843619287413
96,3,1,3,3,14.248945543909459,22.153220996338362,722.5998752277841,4.980974898395837
37,1,2,1,3,23.270471878269046,27.5950131638368,706.8642163300221,3.877100948382975
12,1,1,3,1,18.223949777650915,21.558313853938568,981.9599026224506,1.7592621752365671
55,2,1,3,1,18.048125185986237,35.67243578468687,987.0406605575203,4.974912460886914
13,1,2,2,3,27.691737764592276,52.09607137805297,718.0107505517166,2.927629828730667
23,1,2,2,3,27.911256962636774,33.64977799030882,319.2533127839748,2.505908868459189
89,2,2,1,3,28.183505281071714,37.76733627513466,818.7002543175391,3.4525771425225997
99,1,1,1,3,16.277561530300545,47.02347094269755,196.3262207899343,2.565076571373025
30,1,2,1,1,23.821116254785235,40.35576280279521,802.6293737544659,1.8026012749205331
17,2,1,2,2,15.432663625487393,54.45782744085297,919.1765117302268,1.5049992007771185
62,2,2,1,1,13.812196661488995,54.64142700183026,444.5500552915917,3.073541735220918
84,2,1,1,2,13.692649146947385,20.396427819646146,667.5717654847724,4.429021977793073
89,3,2,1,3,16.84215241727188,51.121852259327966,487.12845888714367,3.503103149705268
86,3,2,2,2,18.599152395596434,38.429344009666956,493.98854948931563,4.997225546302043
13,2,2,3,1,26.61898342110137,59.553621652146525,379.33380019730805,2.5039632597652
59,2,2,1,1,12.397821869454242,39.329283035017404,785.9166584052922,2.4815927266601934
19,2,1,3,3,24.698516947897886,59.475837815531904,942.5589077498547,2.059123110818805
49,3,2,1,1,20.629098283786107,50.182774448229466,946.675773311015,2.074222558928673
100,3,2,3,3,15.75890685351985,29.944195384532254,257.3031563874405,2.4981530860351673
12,1,1,2,1,19.856391690656494,41.5357991714783,887.2692846909094,4.274940158457345
61,1,2,2,1,15.998841395540452,59.68542557914331,763.6882972844099,4.670148767227568
19,2,1,1,3,21.921639104766122,54.30122431007695,327.5536606212603,4.912805093976885
76,3,2,3,2,18.676878457104884,23.894675751648844,160.55615162936311,2.3130137893375844
9,3,2,2,1,13.288110581577575,48.25487987239984,341.1975401959402,4.58454140964932
71,3,2,1,2,12.331661491113934,33.82318343483252,920.9874131033731,2.6488928124706796
28,2,1,1,1,20.9339136414426,20.279290475213926,669.860807406195,1.8949419058090955
78,1,2,2,1,28.04826066572207,36.13923876107998,748.9491948080847,4.54508723932058
95,2,2,2,1,16.87915373115371,29.39017686899885,331.4371159981863,3.726369721252665
52,1,2,1,1,24.660002144452463,52.75477082081886,747.4493400173383,2.076558136283716
83,1,1,3,2,23.173227098795337,33.49322435383062,125.30935565013138,3.0044094012955087
16,2,1,3,2,28.63109828618962,53.100947758152685,437.7892111957124,2.505401932069737
69,1,2,3,1,26.419620345982818,20.02391755339181,664.078013688098,4.07878099048569
99,1,1,1,1,21.33210517810926,32.312766001044764,231.4869089871882,3.0869568071849383
12,3,2,2,2,23.140609964682145,29.646608572310477,840.7032170022412,4.962479807872347
25,1,2,1,3,27.967729331680697,29.34269444274444,311.5281689307268,1.691607437908583
52,2,2,2,3,17.990375691738695,22.72746479061851,687.0530015366016,2.742553431476863
85,2,2,3,2,16.535894117155546,27.48497081642007,464.67742831779674,3.186650584884921
100,1,2,3,1,10.216221672703927,42.22198279542479,636.4392359298824,3.260967441619119
53,3,2,2,1,26.531021483829285,31.65444291350978,196.7054973660173,2.605775378349729
23,3,2,2,3,26.019614008067297,36.69579129316592,115.22151992944659,4.052340871841488
16,1,1,1,3,12.089090362003027,35.074675213887545,918.607984642271,4.561614757211411
57,1,1,3,2,21.537147622654004,55.03619699999578,342.6670078904645,4.785517556922521
39,2,1,1,3,19.279633963337748,56.21195996042062,837.7093025024132,4.317826818798341
53,1,1,1,2,12.37418191018223,39.7182788662344,999.4152704249801,4.477030690573098
42,3,1,1,3,29.61136454121447,33.206238012624176,290.2881321990201,3.4269085521699845
58,1,1,3,3,14.29391774926711,24.272028160094546,338.65366706502004,4.390608792493851
39,2,1,1,3,11.344683601811223,58.1361151752838,696.5738088711992,2.562263682017833
14,2,2,1,1,21.89694759003819,22.4090777960119,968.9037711405591,2.8946756673822502
95,2,2,1,1,24.777333542660653,31.906011102731217,924.2329133716695,2.609195548364905
5,2,2,1,1,10.64886892094374,31.922648046800166,552.5879680590265,3.135855674067739
35,2,2,1,3,23.174352774540445,32.81605144560859,815.5992542740522,2.4995286568352273
87,1,1,1,2,20.645837519029087,26.571473730896372,222.17126778991096,4.8656400478905635
93,1,1,3,2,12.06530017750097,51.32645723694789,979.694365783611,2.5949561980198386
75,1,2,1,2,13.450477538927242,24.89991447863957,967.9179106323878,1.8431558833882895
18,1,2,2,2,21.359485946321612,45.39626636612651,247.35606209125388,3.343860081176447
76,2,1,1,1,15.927152270265768,24.9538410682327,369.48081232279594,1.6998467745581172
9,3,2,1,1,28.76631457302632,22.821425503718263,190.13949775609024,1.8869010820800318
74,1,2,3,3,26.374804589681016,56.37718014743506,344.5458390083617,2.267862862186862
58,3,2,3,3,29.671344130273262,27.60515065274823,834.3602104736859,3.125225874587496
17,1,2,2,2,15.19341677900828,52.85000618238817,440.4840464487335,3.016378263081598
7,1,1,2,1,29.39447265595954,41.785234844285434,179.55727043208253,4.298921517009769
46,3,2,3,2,18.624677395831156,23.114260784350783,408.0029723010141,4.088161288594397
13,2,2,3,3,16.95037590627509,58.2179276575227,983.2450008171521,2.9921140289674546
40,1,1,1,3,11.006990539387065,29.8784466796757,666.7152357332826,2.667964726514705
42,1,1,3,2,11.055305157192052,54.38581381410426,474.544851765542,2.607640744215245
9,1,2,2,3,23.840225118933095,26.752400231382566,249.884662147543,4.208982805529032
50,3,1,1,2,19.158579888680556,54.157715285674115,987.5591175553253,1.682253421774444
27,2,2,2,1,14.530432520722114,20.52915251621176,838.7641083368159,1.5448757732871203
66,3,2,1,2,22.279406126504654,40.47121826277923,353.32957220582745,4.284405371743269
5,3,1,3,1,15.057162365002224,50.777703176862275,163.0618261490705,3.1700123159616727
29,2,2,2,1,21.55263508688845,57.39182069971133,150.96300163980223,1.9580839849375158
37,3,2,1,3,17.184174939653808,56.36808544825948,208.34033455498044,2.3244807710807542
38,2,2,1,3,26.47104453223638,52.784994781905795,622.6917252529795,4.763763835840839
83,1,2,3,3,26.413923215335586,55.527653986452165,935.8870790849431,4.508260414687143
8,2,1,3,2,19.547007962448028,27.968787433483058,547.069085205386,3.984247675783904
65,1,1,3,2,17.016382186700312,31.36737182846915,858.6509342105775,3.187788306180643
86,3,2,2,3,17.25119593118189,31.55874099684234,501.29795787382704,3.32113269166985
17,3,1,1,2,26.11429051336436,35.08215724006796,737.7251911910427,4.913355873493855
71,1,2,3,3,16.563589655952242,35.73282681540755,758.6854635578508,4.880196553595005
89,3,2,2,2,14.18118747413692,41.78221298618702,256.5673353130048,2.25344166025042
45,2,2,2,1,11.693766837506136,26.395190534657655,425.0944530782306,4.338865982068613
4,1,2,2,1,19.333862417688167,47.64986655143957,673.5719408842215,2.190349331584559
36,3,2,3,3,19.64264197839684,26.70266157218026,163.62694736592957,2.2473811725938297
70,1,1,3,2,26.818174208058142,32.4123392841819,425.38616898666095,3.8663256195760187
31,2,2,1,2,14.42477392892128,40.13380522424616,581.3195196530733,2.9175038450564195
19,2,1,1,1,17.619825473367996,51.85762246093909,996.6020437401748,4.760405424872821
61,3,1,3,1,26.168114777873818,49.57876932954909,527.0802063601966,1.811534072136031
54,2,2,2,3,26.47247221497947,45.82137425642089,834.4510814028912,3.2903397428332255
39,1,2,2,1,17.692221519575362,26.230930423206807,488.86055655995597,4.714825356550924
91,2,2,2,3,19.18248046573362,41.88181382462311,816.751650357738,4.664397811678268
74,1,2,1,1,16.06571781698566,23.49786007199542,635.8733214580975,2.0478522469550944
90,1,2,2,1,28.65109756838624,35.09452707186603,897.9358973521585,2.7832319503375977
19,2,1,1,2,12.372875314831607,36.54066121159836,469.8482971150989,3.666924900163437
39,3,2,1,1,28.6749884600294,21.592457577830153,643.873977839331,2.057882096699908
67,2,2,2,1,23.677329036706865,30.959523978798874,667.0168125569446,4.888077602160085
45,1,1,2,3,20.631443053734625,58.22597869065957,475.644647620426,4.7016226505468115
13,1,1,3,1,10.653181215689917,58.14530431318758,229.88083931873336,2.0843256266206422
92,2,2,3,3,19.511923836440168,34.09308217010157,184.203466221102,1.924044114413449
58,3,1,2,1,18.154962100054647,21.724004357932962,115.00439553966979,1.7989296898289284
20,3,2,1,1,13.224376239502451,27.163797573127262,886.1808378206931,4.683052824128209
92,1,1,1,3,23.12819207001314,35.688711737341606,312.82742101482506,2.177683334284113
72,1,1,1,2,29.423018147365717,57.911187918769194,290.3560743535912,2.9569972499052417
61,3,2,1,3,21.243776221290503,25.647962541487395,762.431860383459,3.0709797797820104
39,2,1,1,3,24.295065528878915,50.54063374672849,388.0145017786526,3.5965386547474862
1,1,1,3,3,11.369009051320337,24.347301574987682,555.4402231706529,1.7510737031159873
3,1,1,2,2,18.353339916339895,59.25030309565108,246.25995876771066,2.293655160901806
77,3,1,3,1,12.327169703289918,35.2646599643654,963.7711493157723,4.760216354216241
92,2,1,1,3,22.255916710730208,51.00938155596224,866.4232600155136,4.6794353754399935
62,3,1,1,3,28.769643164283092,33.70364331244527,877.4106606685029,4.234517265919923
63,2,2,1,2,23.23555464943277,45.10675508635235,466.0963737148047,1.567904359663754
25,2,2,1,3,11.536060966288431,27.68064338960147,786.1250923364555,2.6445236897363573
56,2,1,2,1,17.093324099701658,25.8408407718785,229.48853985080214,3.6978555737001773
33,1,2,1,2,21.01326758881703,57.52256558272525,107.75710233260224,2.463165741207165
38,3,2,2,1,18.064155122665042,56.70589111617734,117.97563932022531,4.683553432688221
6,3,2,1,1,26.672880209503447,55.49875760851529,627.9415636641044,3.7186131164135467
58,2,1,2,2,26.293420094199785,45.017338006663735,509.85541472314674,1.7516735106075596
44,1,2,3,3,22.23662040206443,52.33072844865113,566.2138140176678,4.6815195609249605
45,1,1,1,1,17.469158902654105,22.761477476454996,106.71682637549746,4.852183303616779
32,3,2,2,1,15.106727475264883,33.391561675627166,480.4179576916831,1.771993464371039
45,1,1,3,1,12.117486364262586,32.54812499028625,746.2613450807747,3.363260822014602
61,1,1,1,1,17.09795366973108,45.42581287810453,498.4243317706923,2.5617749877495966
47,2,2,1,2,18.263450344154393,34.23831093882562,758.997285681,2.8749367676849085
21,1,2,1,2,23.51645850208147,25.94027126574723,309.7170679571513,2.128779262843697
80,2,1,2,1,23.16319648595147,43.85868301654175,831.8278040335529,3.523252357043444
85,3,2,2,3,11.40216279282514,52.57535682676326,629.5881164081071,4.852927736371117
75,1,2,3,1,17.905186308623158,35.28493977839893,289.6867894869156,3.260754100950632
36,3,2,2,3,13.635577344347238,25.290748603939267,313.04842826844964,1.790201034880684
99,3,1,2,1,13.136254106336114,27.86752789251292,665.2274181125833,3.670004667170929
19,1,1,1,3,26.54604299474492,29.49933220677536,846.945633891199,2.6907804805793996
20,1,2,1,1,10.838304334325152,31.99590371978145,474.06500382623966,4.495738163569542
57,3,2,1,3,18.383657518042426,45.711802820252366,332.47038621483296,3.021373519107646
18,1,2,1,1,13.364073115330363,44.03781938150876,880.3104462195404,2.1749386312978594
47,2,1,1,1,27.58660431356948,47.843194462681566,702.3414625757514,2.168869679419007
49,2,1,1,3,21.140810265500704,34.50007938126053,503.27693855476883,4.190674632524061
14,1,2,1,2,14.62761272753696,52.95990607519913,539.1101757513717,2.4295565940757595
15,3,2,3,3,20.04854574332753,28.16350644623041,283.8308211427568,4.185316879557281
31,1,2,3,2,24.629727194062315,38.761629900726156,664.1223670583595,2.2206055876830977
1,1,2,3,1,29.162360178388674,52.037548861657214,422.8682594885998,2.625902290454583
54,3,2,3,3,14.40892008490838,27.20634590930477,996.0806590069143,3.1292044035389477
3,3,2,1,3,27.723635442586904,24.394524549631317,532.165163735699,4.801185473927077
16,2,1,3,3,28.686082283349805,55.34735870751959,537.2970455706518,4.7610599866383865
87,3,2,1,2,28.328410890641326,33.71718651036784,609.2666086696047,2.224051563978007
57,2,1,3,2,22.708287137238194,47.35480499636128,925.080402806872,2.7537666443507547
75,3,2,2,1,22.596413088694156,21.01394417055754,820.7362898737753,2.0228978595882032
12,1,2,3,2,18.064212663676457,47.60187553637799,506.0170628180573,3.2849477775972398
74,2,1,3,2,25.04795764607576,32.64405246187882,746.8293393755164,3.112038927431333
96,2,1,1,1,20.625880367018638,22.22963414349767,627.6119489026855,4.652660568577564
16,2,1,3,3,23.54876142456589,44.39251046192468,543.130343831124,4.755018822268754
72,1,1,2,3,18.56915807697591,29.63215264292693,273.08419550591543,2.8424858685255225
76,1,2,1,1,24.629929280862783,35.4722896820752,517.5426371094018,3.221082800566463
24,1,1,1,3,26.48943035209098,23.223232491460543,321.2367283203172,4.636826872011466
28,1,2,3,2,12.928725132056321,25.886530043797812,923.3579348664892,4.323477327107716
8,1,1,1,1,26.65859431148456,31.91908941983375,401.86613214671223,1.5127970897062726
92,2,2,1,1,20.805930635806146,23.590380022406286,957.037613080035,2.6202084746425385
36,1,2,1,1,26.893318181804485,56.43305058745261,579.7497610852402,2.976209846776441
90,2,2,1,3,18.626034126820294,20.241881727359136,668.3899408085442,2.3040069928913107
8,1,2,1,1,17.5808097076607,39.35440875457246,588.6464000403951,2.198500655635786
58,3,2,1,1,28.30121465034445,24.92989832530206,216.4425552700308,1.632245773084879
60,2,2,2,1,15.023385350968026,32.30716357911794,438.23909710714685,3.751794037744162
50,3,1,3,3,26.884246505722864,57.042382392730616,189.23150104986155,2.4187860166910795
28,2,2,2,2,19.680411450188082,26.467782130959474,660.6586397650435,1.6832151245095959
92,3,1,1,1,20.281908851025193,58.63329278873331,502.18677568039504,2.3084275868482225
41,1,1,1,2,16.16936562978968,28.23177507957687,800.1864744138431,4.3066988349264435
100,1,2,3,3,21.460844012380313,49.66264433867318,298.42343289943284,4.480212135762914
64,1,1,2,3,16.504223925524226,41.86709059589247,248.10945258640143,3.1907318581765596
27,2,2,3,3,10.785388284833047,55.37914910387037,465.699007867391,2.9562473464304015
63,3,1,2,3,15.43997210688712,42.15973022012524,933.926844896543,4.9224879272562365
17,1,2,1,2,10.127580868131814,41.38236876625235,739.3796335111706,2.201976308558245
73,3,1,3,1,29.567095741137134,27.818320014735995,477.0312623136268,2.2537574899911297
33,3,2,3,3,29.31494419639495,26.64917448206635,565.5449527788795,2.521535119627399
84,1,2,1,3,17.9031059494461,56.65956604462057,175.7917100593885,2.1046506139838055
77,1,2,3,2,24.567417086792922,33.11352795400136,986.1183067385018,2.827779593714653
92,3,2,2,2,16.9161219682085,34.88329019851584,699.766574225427,4.687919794464138
29,1,1,2,3,23.42186314171952,50.392946337135534,356.86366161708025,3.65371744220001
13,1,2,2,1,26.10860086091958,33.55293929691229,627.22755479372,2.941812920142923
46,1,1,2,1,28.935124893844815,58.08249786556011,198.5341294620946,4.770437780999252
35,2,1,1,3,18.00424551699344,49.51711075995201,969.2530019268252,1.6696248136653782
6,3,1,3,2,25.665959659120954,43.8971697029368,257.30648909502935,2.2359666226565147
82,3,2,2,3,15.318569012642376,55.2358064217901,683.2272862496927,3.4806101178561564
69,2,1,1,3,29.806646075872965,21.98423633397931,320.9090162850374,3.654434181176127
47,3,1,3,2,10.515391975287024,30.282507687568348,745.8052443836822,1.638451272969146
25,1,1,3,3,22.070576130022417,38.6014533688364,799.139230516253,2.9106356526749626
66,3,2,1,3,23.19011963302654,29.079141578860842,706.0777560202894,3.7720388769080544
10,1,2,1,3,23.760911141482577,49.75620749208608,653.0495142296733,3.9432469124119054
56,2,1,2,2,12.40775157578178,56.76832124214901,903.2221845568105,3.7334896588069424
30,1,2,3,1,28.770595669462608,36.950804797236934,170.76403989078224,2.621971285263236
5,3,2,3,1,13.623665581001656,33.685304004475796,397.82328920217566,1.8273204325926833
33,3,1,1,2,22.45506806479682,58.46202928550265,323.45873166776136,2.994893562467669
65,3,1,3,1,14.453521582461699,37.79409731310163,989.2125658588794,1.9506405307881942
18,2,2,2,3,16.144328340425417,39.56193601797133,450.45080170018616,4.816682804822335
96,2,1,3,1,20.929170834562488,34.06599489367622,759.3514293163589,3.163098031079199
49,3,2,1,3,18.343868371291528,56.38193892048554,716.2526474929041,2.6104071102490365
11,1,2,1,1,13.204512019530126,42.758219331274034,290.87311372963995,4.18206424891615
85,2,2,2,2,13.418728048416966,50.48698348726579,315.0979121903962,3.2428200740379234
26,3,2,2,1,18.36289576325599,52.47226873403545,353.1561071977307,2.5851190840435754
63,3,2,3,1,25.145659565510016,33.673961676690325,470.0145504334413,4.341887098367806
89,2,2,3,1,27.95929293695577,37.3477732528152,310.8925590854741,4.535032528503927
86,2,1,1,2,11.682553245187657,53.938870976250584,117.68633447216303,3.8555285820103693
59,2,1,2,1,17.862078151188022,34.53021406703241,891.4537511264759,1.6643754784268356
27,1,2,2,2,12.004911274457532,51.75740533807405,969.0488482427957,3.4821300805828623
49,1,2,2,3,10.331849612651958,57.63969290297749,407.41334832841113,4.171532191990486
77,3,2,3,1,23.234373652879132,44.92841492272028,404.6561914829256,1.9777605422925375
33,2,1,2,2,22.048988839331756,49.665091498075554,106.38263149693388,2.3003476298461116
98,1,2,1,2,13.260382276297724,52.2038924816454,712.2256194973367,4.588732867738478
99,2,1,1,1,14.676256661861283,53.801585955865704,842.8959061737659,1.5704260264857592
1,3,2,3,3,10.474155072890367,35.80213351427184,231.94747032400284,4.134544982390916
21,1,2,3,2,26.698944113888075,22.050538367039927,243.69971443043568,3.15820652380048
55,1,1,2,1,29.49381192097103,36.07505084946958,811.0749249742939,3.063702555938624
6,1,1,3,3,12.709190735893817,46.95024919136359,654.6616735187301,1.5248378637321052
92,3,2,1,2,14.629504275305962,38.01401543123171,140.3745018649453,4.367893808382725
81,2,2,2,2,27.36819047893868,49.95852603441594,660.2922914160536,2.7593871522279825
69,1,2,1,3,28.529275959123698,34.27929717874655,378.02595055938946,3.3926797095519
95,3,1,2,3,18.39254765613621,45.38976564416118,431.85263992376133,3.870552402174808
5,2,1,3,1,11.012449445381483,27.456792194158982,792.7582764671922,3.959203517532705
3,3,1,2,1,10.787836673856388,49.974777465798276,829.8416734053495,4.8459302058912535
53,2,1,2,2,21.47899732138021,41.82783875252103,460.3209641558476,3.3596898363281316
23,3,1,1,3,17.85790217786358,28.162575541864022,952.4376424057193,2.8990184284104963
53,2,1,1,3,10.57304855155309,31.67644693991229,465.816446156865,4.837962692720978
37,1,2,2,3,21.665047846251134,49.94434834327329,794.6524317070989,3.7473858225893237
74,2,2,3,2,10.22605073178045,39.30404942646083,535.4895381078331,2.5435262469679447
74,3,1,3,3,25.747439162985458,28.64125761572289,907.7790938698756,1.942624858912499
83,3,2,1,3,16.128656454067432,58.69084761481191,916.9851192851607,4.448940755128135
17,2,2,3,2,10.805160060184642,48.60500079267552,178.67512708397547,2.7676356097795303
85,1,1,1,1,21.767044419663065,58.285393301591846,942.8439981792031,3.811644024775509
78,1,2,3,1,17.953688288661095,37.08420181441373,842.9813573683741,3.1478574677806437
73,2,1,2,2,29.47600826714299,39.00401362766882,812.1796428814001,2.1962542292826344
1,2,1,1,3,20.883973250074042,55.91820864740077,280.82020571697024,3.605903130171628
51,3,2,1,2,15.504783620740167,41.00197360981539,824.6072878791985,1.712390741327388
45,1,1,2,1,24.188777292679497,48.29115647622669,865.1194612165332,2.9466986095491725
77,2,1,1,1,15.429840050854226,30.086915099821198,360.23530100873586,3.4131522888228485
4,1,1,3,2,28.0848658281513,37.86905874810562,957.0340705260913,3.026164409415027
62,2,1,3,2,17.49443941014753,24.937994632414203,144.87413175924783,4.1203526133784685
65,2,1,1,1,20.997371255524104,28.239201435078467,234.9183279224257,4.397737340908593
32,1,1,3,2,11.011462076484577,20.037736610705245,583.8230242463628,4.199350759116124
34,2,1,1,1,18.522424759044615,21.57060206594641,618.2132240100788,1.6358453173413074
92,2,1,2,2,26.6472707932199,59.091352927077175,680.6350749708131,2.179450696560903
95,3,2,1,2,26.11297610726684,29.694147805470493,115.27221638391981,3.37812628242321
72,2,2,2,2,14.486371177070525,46.53242838016008,964.3300971599173,4.771877141553304
39,2,2,3,1,14.521581420211254,53.56398795198446,140.1292834607296,4.422348712682409
26,2,1,2,2,26.346106244264735,42.02641836946257,228.75575745106215,4.448870779231306
34,3,1,3,1,28.60796840338651,26.125780003358248,112.61306577345128,2.5612286781588622
54,1,2,1,1,11.907218425460071,49.124657493446655,610.1725899646852,3.003067639775459
3,3,2,3,2,19.001172788524507,44.01005640398332,939.040195528875,3.147470815605781
50,3,2,1,2,16.74908557928458,49.25002357389501,699.3524494724178,2.050800541724686
12,1,1,1,1,27.413769109148788,50.789864914283484,840.3917216323846,1.608738455855597
65,3,2,2,1,11.670498293600374,59.016414707389806,111.95308311272207,4.814160148111809
54,1,2,2,3,14.222518851160748,42.9425312010684,587.8137686317534,2.3424940498222737
5,3,1,2,1,25.049366751729885,33.66564450762407,513.6066797549697,2.3398211630327097
94,1,2,2,3,11.02587697962431,45.938582276009484,549.0711497987138,1.7918266881906584
94,2,1,3,3,19.850707614285785,22.737628369705046,164.99186680166915,4.749777131803225
57,3,1,3,3,18.842140693594402,55.89589273286345,715.9918249623768,3.529079902289202
17,3,1,3,2,16.688023579774974,24.77524045352787,552.898373372771,3.8346289999387384
47,3,2,1,2,17.891446306378477,33.11371351543273,788.6339648751376,4.690519105420684
23,3,2,3,1,20.59881173860466,52.62981522504484,536.7615706555439,2.709670591152763
79,2,1,3,3,13.227347167767663,43.89249513322847,234.44347260378888,3.675275588983294
85,3,2,3,2,21.439917565671855,35.74542081109769,683.4312586700398,1.6357980915511061
14,2,2,2,2,26.108646585999725,38.937426375000854,255.1477258946496,2.1537038488089526
66,2,2,3,2,25.20321859580318,54.18189572808721,885.1551070193334,4.409360317814799
75,2,2,1,2,13.077998093875474,33.60017544239568,651.8046151623173,4.183689247184175
51,2,1,2,2,12.984989394829478,54.78598739248685,241.48349520125882,2.727249420100014
38,1,2,1,3,15.363487354898266,23.52537723906766,966.1042517330861,2.818837197209744
64,1,1,3,3,17.221494526820745,51.07193748834523,566.5289170017886,3.367440517437528
98,3,1,2,3,18.169111628169652,53.90190532218946,165.6086066844895,1.500843516397971
38,1,2,1,3,23.593944336666905,27.27270611349355,664.1496139735605,2.3443551761330976
50,1,1,3,1,11.133608643316709,37.21386129488802,327.8790163115292,2.2288113301287504
98,3,2,1,3,10.693454084521328,26.619990986546224,823.3241066895722,2.376690313624172
82,3,2,1,2,17.838211258878182,48.26416515976871,836.0398662095715,4.320670448867045
30,3,1,1,3,23.94327384275961,41.41391072246627,981.0526202691957,2.478858497912551
79,1,1,3,1,13.868706859129652,45.41293386833284,551.6825779220533,2.1703246271755186
91,1,1,3,2,22.830089625125034,27.859478678248447,509.4611917549634,3.2649221127756105
51,3,1,1,3,15.196562758805989,28.46983448209678,778.1280449018326,4.529757627304562
63,2,2,2,3,27.721722176270326,21.659893020396254,219.2235907077339,2.3447239634312496
98,3,2,2,3,27.91379888533233,32.88270140782919,592.2239624138117,1.7748768497747953
52,2,2,3,2,15.94574408562653,42.389786453347,591.6228401177659,2.7474165754738262
38,2,1,3,2,14.59987507926481,54.317396559893155,180.5258105293485,4.116781385977422
97,3,1,3,1,18.226079441324625,46.67709789834723,476.1856769562222,3.427416906431781
88,3,1,3,2,14.810631703602974,37.41585293599006,867.9563187104818,4.358776793510216
79,3,2,3,2,23.447676865834072,58.12480457576551,870.5382597951942,4.858572516632319
30,1,1,2,3,26.52129369096571,48.76980802303328,189.3138984277129,4.274318668630659
51,2,2,3,2,23.46184261822434,57.206608114502004,181.64879447304776,3.6133107759531367
81,1,1,1,3,26.48700894498699,41.10351893088662,336.4259293017418,3.226695558183332
5,1,2,1,3,17.939843244149483,30.356170991725584,887.2894562985941,1.6402418022189333
29,3,2,2,2,13.126339414177217,22.11306745458888,216.01232656614906,4.945126925849145
4,1,1,1,1,24.759018947951844,49.04339405935402,747.9971223647017,2.842183929012649
10,3,1,2,1,17.209490102831076,24.852119920221366,191.0490576517929,2.032798748709034
56,2,2,2,2,23.42541650458265,32.11100513087869,660.8240683730428,3.8334809938875987
17,3,2,1,1,15.412878839635313,41.2988363153559,420.4605692072303,2.4950090118341075
74,1,1,3,3,11.624592696133453,42.576663511189906,810.0225666692803,3.5502239482586666
17,1,1,1,3,29.851635909755267,44.02332787948544,310.32140394282726,3.553687677456069
84,3,2,1,2,13.124030158611985,26.650213213988025,675.2816464509639,3.060054373160042
88,3,1,2,1,29.768419879269622,35.189496192865946,312.11428111829645,4.42641515440765
69,1,2,1,1,29.545598651328945,44.68776908467866,742.2942548009385,2.4273847154440507
34,2,2,2,3,25.876362078160792,58.79275458535139,886.3102311046739,3.0702140706620695
6,2,1,3,2,23.18845924163995,49.10524550798755,214.12161921408403,3.3819224500684
53,3,1,3,1,21.556141005021694,56.90415028375831,879.9361197359532,3.8226865226855486
66,2,1,3,2,27.322030907556695,50.48848233256708,634.2177289728681,4.2439014767695635
77,1,1,1,1,15.788790432389758,43.66867875569602,214.39944178032158,2.881825490073896
43,3,1,2,3,19.35362424969754,27.68093476545378,484.7876698237408,3.7611643043380862
75,1,2,3,3,22.387799387330038,46.66742607570052,244.7742641365881,2.027138335739817
23,1,2,2,2,18.22380951738982,44.935182638396284,730.3130999799125,4.764268351898675
55,2,1,2,3,18.54972908180536,44.098766818290656,782.9813209761547,2.840705822473512
80,3,1,3,1,16.60569335004169,39.59143471952963,195.21686824551907,4.053324976917534
95,3,1,3,3,21.28463633369072,41.146264159571025,555.52586742518,1.5711937865876218
75,2,2,2,2,27.01149056030232,33.377701084724166,833.1625504233255,2.218155000166824
16,1,1,3,2,14.030567560126258,40.77250770569213,942.5467373958968,3.204788905132523
8,1,1,2,2,28.68866077506883,27.90223622713913,562.166080067593,4.573883637063213
4,1,2,2,1,23.78175307496459,52.20697589441507,955.2513012502664,3.34539302482737
4,1,2,3,1,26.465464253600604,27.431078187948312,582.1200734104268,4.754546688028577
56,3,1,1,1,21.123813852600232,23.398651595578656,454.77144513991715,3.193289138039787
25,3,1,3,1,25.59033402848127,37.449841054286296,863.3828156976059,3.216571838575825
67,2,1,1,1,10.324007946789344,46.332297580242475,543.6844394122802,1.9191137597518617
96,2,2,2,3,26.367608495590705,37.508672997341655,524.7122595080707,4.30929685453277
67,3,1,2,1,10.80277718170733,31.070165278052343,541.2812404688455,2.3643789436347187
27,3,1,1,1,27.79826752725725,42.32684735561763,862.1065016827708,4.648643712803103
93,1,1,2,3,29.839254944772865,33.880093416487995,848.7473875192469,4.687884771156386
32,1,2,1,1,15.881349243535556,57.31470760506532,463.1679931961901,4.801585391559524
50,2,2,1,2,14.206371125715872,56.90580558414288,399.96987388347253,3.320806711860815
61,3,1,2,1,25.307267277160815,40.09487279888382,542.7352216352164,3.869828246742755
51,2,1,1,1,15.060526818405064,33.11535976073034,615.4952587633982,4.224805580215822
19,3,2,3,2,27.31124766344407,49.48529655826556,314.50348956519724,1.9585511652766296
21,1,2,3,2,12.056851843149534,21.468517739322664,814.5595762440315,3.60335018249124
5,2,2,2,2,12.519103927587166,38.990760241746045,537.8344891591805,1.620042654561591
82,2,2,2,2,29.583031102012313,33.45293577081334,400.6409935779636,3.2414812918605405
92,3,2,1,1,23.476777965400093,56.82143540410219,196.13889366759156,2.041949385670796
42,1,2,1,2,26.937744488579057,20.480121090907303,314.9606443632463,2.1402302408672966
61,2,2,1,2,16.48658754703036,42.11259502873396,954.3530545803853,2.777666483424105
22,1,2,1,3,23.52967499041209,49.626543242665036,374.5897181375739,3.0135300835077605
21,2,2,3,2,21.884836546171943,39.40071950096165,251.97336043033178,3.6811034858626552
70,1,1,3,2,22.06300240245894,23.416121206508866,514.6055124894939,1.7604994645348049
1,3,1,2,3,23.650649190754432,58.89845560111609,376.3789690242238,3.2629211643310563
5,2,1,1,3,21.50718346258197,40.72041725504391,131.64332524407473,2.1391879558858538
12,2,2,1,1,18.58124738605332,44.567449772760455,390.8306955514755,3.5089131126110966
90,1,1,2,3,15.518453887610937,29.464391308300293,589.6977615455216,3.7309161429141424
46,1,2,1,1,25.371626618264038,39.339923404272156,596.5411348179703,3.4484823979349883
34,2,2,1,3,14.525448600063724,37.165979678332874,420.9030290591998,4.084034286674077
49,3,1,1,3,23.847086123088282,22.99583368007935,502.57248062734055,2.6746323548431548
78,1,2,1,1,14.666656452986533,24.24641414189869,968.9661264112898,4.1778730707159575
90,1,1,1,3,22.50660339908908,53.49890078475098,439.61362950728045,3.0146847859786776
45,1,1,2,1,24.941565342580578,29.59279808826361,332.4041319339847,3.1946457441290885
27,2,1,1,3,14.374277778130784,27.79833085994522,319.12033966008414,3.76835744541375
73,2,2,2,2,11.198866017226166,40.196458050005575,511.98815143372076,1.5642543439972838
26,2,1,1,3,12.619474859883482,50.74988525450052,783.5681338452497,3.788979774970869
47,2,2,3,1,22.11993934542051,22.477860743159518,285.3893657696259,3.665048021752404
86,3,1,3,3,26.98892812451471,43.072316785530234,738.3665144266913,2.5844649086364795
56,3,1,3,1,10.899936424708487,24.768417713622934,119.03484101447467,1.800279997148213
94,2,1,3,1,24.683025180832924,21.45844203302474,477.0396801855514,1.818274074695644
63,3,2,2,2,16.82637291900104,22.109758086488696,798.2785586825082,4.7312831144483
48,1,2,2,2,19.570567398390452,53.36656432833765,404.8596601969883,3.91247762429043
61,1,2,1,1,28.577190996911312,24.718899345122463,607.3633913008596,1.9448591481975914
81,1,1,3,3,16.639430094716907,21.80605457649168,284.48130954331975,2.7485310925811723
26,2,1,2,1,19.30673867878972,37.51599548571649,767.7958520135551,3.5736904786555876
36,1,2,1,1,10.273648295213622,53.75973887768099,147.05119294188364,4.42450096781727
1,3,2,1,3,11.631974400096768,30.496335059572075,867.2883803879503,1.6528132504955297
8,2,2,2,3,15.17183182269568,36.868504701036656,278.37674777950133,2.328215960145031
99,3,2,3,3,10.557044816421488,21.596901302550048,886.9582285374977,4.61412146603383
52,1,2,1,3,22.62750652096502,37.96314056539504,417.2763171704656,1.5320794256433576
79,1,2,3,1,18.52796713603245,43.10452322548535,750.4152170270379,2.204896859778606
47,1,1,3,1,20.96290405456044,42.83628215008579,387.3027680075696,4.856584615905381
56,2,2,3,2,13.492943717926591,33.29706768697461,915.3205041111828,3.646906462827599
86,3,1,1,1,15.918640588732323,32.62132722652542,213.97341296653693,2.4158497832312724
14,2,1,3,3,23.276489497054502,24.264944757463915,260.6678103453388,1.7344688303854667
90,2,2,1,2,29.306054472607997,34.67193282585073,543.7271126429221,1.5986696915652776
28,1,2,3,3,11.008335472044184,23.979786754918585,173.74459513433152,2.3566077787292454
87,2,1,1,1,27.807686417105323,50.66383778848206,276.38216623158576,4.585200368561187
78,2,2,3,2,21.53762402622417,58.650971909927435,949.3897439908129,2.9556977900412833
88,1,2,2,3,21.278391335112474,58.802978266668276,978.8406950330984,4.021166792080976
2,2,1,3,2,20.005570704155208,54.60284397501575,438.6333963973797,4.713997623829853
26,1,1,3,2,11.387881718083667,44.031685973584764,930.957418912542,2.9281416156098583
14,1,1,1,1,11.797537034723213,48.0346278897552,590.3422081060885,2.16947079863089
59,1,2,1,3,22.018240113181722,31.408232107216563,342.7682192863904,3.3099127579992182
56,1,1,3,2,16.819171428711165,45.230816806904826,732.1588489725387,4.67829290470949
7,2,2,2,2,28.34536133155361,38.2259819775951,693.0116259173715,4.315310449481952
3,1,1,2,3,18.131810747189444,39.2806935910773,990.21278719786,1.7304044517710382
23,1,1,1,2,12.865629174052822,50.31106241500632,338.54255866835496,3.924004800271536
18,2,1,2,2,24.29437667004072,31.276734223890067,704.8535523955619,3.501641328606338
38,2,2,3,2,15.867068428820197,32.721584467780794,146.8213795265022,4.676121117212489
99,3,2,1,3,20.509406147117865,56.985671645145466,202.28143482704746,1.9286849589760404
15,2,1,3,3,23.9566557101034,22.24897179403889,103.52653745598394,3.369126396216298
64,2,1,1,3,28.00528222404141,39.425371936533615,999.5146129537058,4.5781194272916235
89,3,1,1,3,25.84382389603352,56.51203201631447,822.04632743273,2.9350832535961002
28,2,2,1,1,23.527221357454483,44.41452031272628,808.0507132601867,3.186982212065035
74,2,1,1,2,23.59266364790287,41.85628296848528,558.7534677593617,1.746612371834354
39,2,2,2,3,28.91849288064173,29.989767169174208,370.0603746148959,2.473502741571188
57,2,1,3,2,15.91648194993072,33.73101956257793,236.13785601640834,2.6357732720913156
17,3,1,3,2,10.022241883923748,54.08193663218772,356.2072649618173,4.807928570607104
86,2,1,3,1,15.439091187963975,42.368725270738324,438.3740997362252,2.489335761894057
90,2,1,1,3,14.35782759253488,40.589687750271196,780.6790872822646,3.113040573443782
44,3,1,2,3,23.236691702279963,23.98318854160116,585.6956100128372,3.849565482474979
25,1,1,3,2,22.67423199531058,20.641126258204924,169.7352638999344,2.0676418034275708
17,3,2,2,3,21.869227654094477,58.54740754748197,116.22610806302102,3.2025483549965608
13,1,1,1,2,10.324868864189074,35.07944669147366,192.09896158065683,4.084886638165677
84,3,2,3,2,24.57556108901295,44.12852248398018,469.4488423276414,4.533993245594731
25,3,1,2,1,16.47060824970983,23.1886029274914,939.8736253441165,3.6919074613184932
68,2,1,1,1,23.301119780132623,47.324571428921864,673.6622330882994,3.8416873036093175
10,1,2,2,1,21.131568570043065,57.302668348238434,821.6433098879636,1.9419921540459915
67,2,1,3,2,16.854618508558143,43.02661011989679,519.7371350540936,4.810217740362215
18,1,2,3,3,12.691525342082155,25.04461289501642,425.4994748755385,1.9640092711956882
100,3,2,1,1,11.88837795320962,43.26886109893907,197.56033544496046,4.211355280136294
86,3,1,1,3,26.63036666224447,50.653888524186094,888.3397199675844,2.4268571262241156
